1758750707.450046|blockInterval|576.963
1758750707.450046|hashRate|969396816477
1758750707.450046|latestHash|000000000000000000015f34ae552f6c20ab553c5d48867597c0bfb26b4e4cdb
1758750707.450046|nextBlockETA|-7503.037
1758750745.7079651|blockInterval|576.963
1758750745.7079651|hashRate|962320927306
1758750745.7079651|latestHash|000000000000000000015f34ae552f6c20ab553c5d48867597c0bfb26b4e4cdb
1758750745.7079651|nextBlockETA|-7541.037
1758750902.0655425|blockInterval|578.1901
1758750902.0655425|hashRate|1011852151506
1758750902.0655425|latestHash|000000000000000000015f34ae552f6c20ab553c5d48867597c0bfb26b4e4cdb
1758750902.0655425|nextBlockETA|-3483.8099
1758750964.5412438|blockInterval|578.1901
1758750964.5412438|hashRate|1011852151506
1758750964.5412438|latestHash|000000000000000000015f34ae552f6c20ab553c5d48867597c0bfb26b4e4cdb
1758750964.5412438|nextBlockETA|-3545.8099
1758751026.8618379|blockInterval|578.1901
1758751026.8618379|hashRate|1011852151506
1758751026.8618379|latestHash|000000000000000000015f34ae552f6c20ab553c5d48867597c0bfb26b4e4cdb
1758751026.8618379|nextBlockETA|-3608.8099
1758751089.5331697|blockInterval|578.1901
1758751089.5331697|hashRate|1011852151506
1758751089.5331697|latestHash|000000000000000000015f34ae552f6c20ab553c5d48867597c0bfb26b4e4cdb
1758751089.5331697|nextBlockETA|-3670.8099
1758751151.5839665|blockInterval|577.617
1758751151.5839665|hashRate|1011852151506
1758751151.5839665|latestHash|000000000000000000015f34ae552f6c20ab553c5d48867597c0bfb26b4e4cdb
1758751151.5839665|nextBlockETA|-3733.383
1758751213.6402597|blockInterval|577.617
1758751213.6402597|hashRate|1004776262334
1758751213.6402597|latestHash|000000000000000000015f34ae552f6c20ab553c5d48867597c0bfb26b4e4cdb
1758751213.6402597|nextBlockETA|-3796.383
1758751276.1046767|blockInterval|577.617
1758751276.1046767|hashRate|1004776262334
1758751276.1046767|latestHash|000000000000000000015f34ae552f6c20ab553c5d48867597c0bfb26b4e4cdb
1758751276.1046767|nextBlockETA|-3858.383
1758751338.5678017|blockInterval|577.617
1758751338.5678017|hashRate|1004776262334
1758751338.5678017|latestHash|000000000000000000015f34ae552f6c20ab553c5d48867597c0bfb26b4e4cdb
1758751338.5678017|nextBlockETA|-3920.383
1758751400.8265676|blockInterval|577.617
1758751400.8265676|hashRate|1004776262334
1758751400.8265676|latestHash|000000000000000000015f34ae552f6c20ab553c5d48867597c0bfb26b4e4cdb
1758751400.8265676|nextBlockETA|-3982.383
1758751462.882134|blockInterval|577.617
1758751462.882134|hashRate|1004776262334
1758751462.882134|latestHash|000000000000000000015f34ae552f6c20ab553c5d48867597c0bfb26b4e4cdb
1758751462.882134|nextBlockETA|-4044.383
1758751524.9333606|blockInterval|577.617
1758751524.9333606|hashRate|1004776262334
1758751524.9333606|latestHash|00000000000000000000ba7adec0e5415b899412ff7051b9e72e5d241ef84dc7
1758751524.9333606|nextBlockETA|-4107.383
1758751587.1926732|blockInterval|577.617
1758751587.1926732|hashRate|1004776262334
1758751587.1926732|latestHash|00000000000000000000ba7adec0e5415b899412ff7051b9e72e5d241ef84dc7
1758751587.1926732|nextBlockETA|-4169.383
1758751649.6579435|blockInterval|577.617
1758751649.6579435|hashRate|1004776262334
1758751649.6579435|latestHash|00000000000000000000ba7adec0e5415b899412ff7051b9e72e5d241ef84dc7
1758751649.6579435|nextBlockETA|-4231.383
1758751711.9169934|blockInterval|577.617
1758751711.9169934|hashRate|1004776262334
1758751711.9169934|latestHash|0000000000000000000106b1ee9ef223bbc89ce7fa050092cddcb7a6a7872f57
1758751711.9169934|nextBlockETA|-4294.383
1758751774.3804681|blockInterval|577.617
1758751774.3804681|hashRate|1004776262334
1758751774.3804681|latestHash|0000000000000000000106b1ee9ef223bbc89ce7fa050092cddcb7a6a7872f57
1758751774.3804681|nextBlockETA|-4356.383
1758751836.844608|blockInterval|579.2786
1758751836.844608|hashRate|997700373163
1758751836.844608|latestHash|0000000000000000000106b1ee9ef223bbc89ce7fa050092cddcb7a6a7872f57
1758751836.844608|nextBlockETA|-4416.7214
1758751899.1020133|blockInterval|579.2786
1758751899.1020133|hashRate|997700373163
1758751899.1020133|latestHash|0000000000000000000106b1ee9ef223bbc89ce7fa050092cddcb7a6a7872f57
1758751899.1020133|nextBlockETA|-4479.7214
1758751961.5662894|blockInterval|579.2786
1758751961.5662894|hashRate|997700373163
1758751961.5662894|latestHash|0000000000000000000106b1ee9ef223bbc89ce7fa050092cddcb7a6a7872f57
1758751961.5662894|nextBlockETA|-4541.7214
1758752024.0311375|blockInterval|579.2786
1758752024.0311375|hashRate|997700373163
1758752024.0311375|latestHash|0000000000000000000106b1ee9ef223bbc89ce7fa050092cddcb7a6a7872f57
1758752024.0311375|nextBlockETA|-4604.7214
1758752086.2897851|blockInterval|579.2786
1758752086.2897851|hashRate|997700373163
1758752086.2897851|latestHash|0000000000000000000106b1ee9ef223bbc89ce7fa050092cddcb7a6a7872f57
1758752086.2897851|nextBlockETA|-4666.7214
1758752148.9604096|blockInterval|581.482
1758752148.9604096|hashRate|997700373163
1758752148.9604096|latestHash|0000000000000000000106b1ee9ef223bbc89ce7fa050092cddcb7a6a7872f57
1758752148.9604096|nextBlockETA|-4726.518
1758752211.012469|blockInterval|581.482
1758752211.012469|hashRate|990624483991
1758752211.012469|latestHash|0000000000000000000106b1ee9ef223bbc89ce7fa050092cddcb7a6a7872f57
1758752211.012469|nextBlockETA|-4789.518
1758752273.4743798|blockInterval|581.482
1758752273.4743798|hashRate|990624483991
1758752273.4743798|latestHash|0000000000000000000106b1ee9ef223bbc89ce7fa050092cddcb7a6a7872f57
1758752273.4743798|nextBlockETA|-4851.518
1758752335.7350574|blockInterval|581.482
1758752335.7350574|hashRate|990624483991
1758752335.7350574|latestHash|0000000000000000000106b1ee9ef223bbc89ce7fa050092cddcb7a6a7872f57
1758752335.7350574|nextBlockETA|-4914.518
1758752398.4016109|blockInterval|581.482
1758752398.4016109|hashRate|990624483991
1758752398.4016109|latestHash|0000000000000000000106b1ee9ef223bbc89ce7fa050092cddcb7a6a7872f57
1758752398.4016109|nextBlockETA|-4976.518
1758752460.8649569|blockInterval|582.1449
1758752460.8649569|hashRate|983548594820
1758752460.8649569|latestHash|0000000000000000000106b1ee9ef223bbc89ce7fa050092cddcb7a6a7872f57
1758752460.8649569|nextBlockETA|-5037.8551
1758752522.7160993|blockInterval|582.1449
1758752522.7160993|hashRate|983548594820
1758752522.7160993|latestHash|0000000000000000000106b1ee9ef223bbc89ce7fa050092cddcb7a6a7872f57
1758752522.7160993|nextBlockETA|-5099.8551
1758752584.9724288|blockInterval|582.1449
1758752584.9724288|hashRate|983548594820
1758752584.9724288|latestHash|0000000000000000000106b1ee9ef223bbc89ce7fa050092cddcb7a6a7872f57
1758752584.9724288|nextBlockETA|-5161.8551
1758752611.8184052|blockInterval|582.1449
1758752611.8184052|hashRate|983548594820
1758752611.8184052|latestHash|0000000000000000000106b1ee9ef223bbc89ce7fa050092cddcb7a6a7872f57
1758752611.8184052|nextBlockETA|-5188.8551
1758752673.9763906|blockInterval|582.1449
1758752673.9763906|hashRate|983548594820
1758752673.9763906|latestHash|000000000000000000016237ca73a64724cfffd4b0b95eba0c7af621732c56c5
1758752673.9763906|nextBlockETA|-5250.8551
1758752735.8074286|blockInterval|582.1449
1758752735.8074286|hashRate|983548594820
1758752735.8074286|latestHash|000000000000000000016237ca73a64724cfffd4b0b95eba0c7af621732c56c5
1758752735.8074286|nextBlockETA|-5313.8551
1758752798.5786548|blockInterval|582.1449
1758752798.5786548|hashRate|983548594820
1758752798.5786548|latestHash|00000000000000000000f71ee6b0bed1f31d616cefc7a0d39384f5bf86be4940
1758752798.5786548|nextBlockETA|-5375.8551
1758752860.8363924|blockInterval|582.1449
1758752860.8363924|hashRate|983548594820
1758752860.8363924|latestHash|00000000000000000000f71ee6b0bed1f31d616cefc7a0d39384f5bf86be4940
1758752860.8363924|nextBlockETA|-5438.8551
1758752923.0960066|blockInterval|577.9416
1758752923.0960066|hashRate|983548594820
1758752923.0960066|latestHash|00000000000000000000f71ee6b0bed1f31d616cefc7a0d39384f5bf86be4940
1758752923.0960066|nextBlockETA|-5505.0584
1758752985.7658474|blockInterval|577.9416
1758752985.7658474|hashRate|976472705649
1758752985.7658474|latestHash|00000000000000000000f71ee6b0bed1f31d616cefc7a0d39384f5bf86be4940
1758752985.7658474|nextBlockETA|-5567.0584
1758753047.5237753|blockInterval|577.9416
1758753047.5237753|hashRate|976472705649
1758753047.5237753|latestHash|00000000000000000000f71ee6b0bed1f31d616cefc7a0d39384f5bf86be4940
1758753047.5237753|nextBlockETA|-5629.0584
1758753109.873634|blockInterval|577.9416
1758753109.873634|hashRate|976472705649
1758753109.873634|latestHash|00000000000000000000f71ee6b0bed1f31d616cefc7a0d39384f5bf86be4940
1758753109.873634|nextBlockETA|-5692.0584
1758753172.3369267|blockInterval|577.9416
1758753172.3369267|hashRate|976472705649
1758753172.3369267|latestHash|00000000000000000000f71ee6b0bed1f31d616cefc7a0d39384f5bf86be4940
1758753172.3369267|nextBlockETA|-5754.0584
1758753234.390658|blockInterval|577.9416
1758753234.390658|hashRate|976472705649
1758753234.390658|latestHash|00000000000000000000f71ee6b0bed1f31d616cefc7a0d39384f5bf86be4940
1758753234.390658|nextBlockETA|-5816.0584
1758753296.6495545|blockInterval|577.9416
1758753296.6495545|hashRate|976472705649
1758753296.6495545|latestHash|00000000000000000000f71ee6b0bed1f31d616cefc7a0d39384f5bf86be4940
1758753296.6495545|nextBlockETA|-5878.0584
1758753358.9090471|blockInterval|577.9416
1758753358.9090471|hashRate|976472705649
1758753358.9090471|latestHash|00000000000000000000f71ee6b0bed1f31d616cefc7a0d39384f5bf86be4940
1758753358.9090471|nextBlockETA|-5940.0584
1758753420.9632928|blockInterval|577.9416
1758753420.9632928|hashRate|976472705649
1758753420.9632928|latestHash|00000000000000000000f71ee6b0bed1f31d616cefc7a0d39384f5bf86be4940
1758753420.9632928|nextBlockETA|-6003.0584
1758753483.1726766|blockInterval|577.9416
1758753483.1726766|hashRate|976472705649
1758753483.1726766|latestHash|00000000000000000000f71ee6b0bed1f31d616cefc7a0d39384f5bf86be4940
1758753483.1726766|nextBlockETA|-6066.0584
1758753546.5167444|blockInterval|577.9416
1758753546.5167444|hashRate|976472705649
1758753546.5167444|latestHash|00000000000000000001b05e0de035b866be9874e46091f4788b87fdd372d179
1758753546.5167444|nextBlockETA|-6128.0584
1758753608.5765784|blockInterval|577.9416
1758753608.5765784|hashRate|976472705649
1758753608.5765784|latestHash|00000000000000000001b05e0de035b866be9874e46091f4788b87fdd372d179
1758753608.5765784|nextBlockETA|-6190.0584
1758753671.24819|blockInterval|577.9416
1758753671.24819|hashRate|976472705649
1758753671.24819|latestHash|00000000000000000001b05e0de035b866be9874e46091f4788b87fdd372d179
1758753671.24819|nextBlockETA|-6253.0584
1758753733.7161405|blockInterval|577.9416
1758753733.7161405|hashRate|976472705649
1758753733.7161405|latestHash|00000000000000000001b05e0de035b866be9874e46091f4788b87fdd372d179
1758753733.7161405|nextBlockETA|-6315.0584
1758753795.9788735|blockInterval|577.9416
1758753795.9788735|hashRate|976472705649
1758753795.9788735|latestHash|00000000000000000001ce279949b5890526d67e667137db4d252fefd27e1c9a
1758753795.9788735|nextBlockETA|-6378.0584
1758753858.6511958|blockInterval|577.9416
1758753858.6511958|hashRate|976472705649
1758753858.6511958|latestHash|00000000000000000001ce279949b5890526d67e667137db4d252fefd27e1c9a
1758753858.6511958|nextBlockETA|-6440.0584
1758753920.9149017|blockInterval|577.9416
1758753920.9149017|hashRate|976472705649
1758753920.9149017|latestHash|00000000000000000001ce279949b5890526d67e667137db4d252fefd27e1c9a
1758753920.9149017|nextBlockETA|-6503.0584
1758753983.1757944|blockInterval|577.9416
1758753983.1757944|hashRate|976472705649
1758753983.1757944|latestHash|00000000000000000001ce279949b5890526d67e667137db4d252fefd27e1c9a
1758753983.1757944|nextBlockETA|-6565.0584
1758754045.438676|blockInterval|577.9416
1758754045.438676|hashRate|976472705649
1758754045.438676|latestHash|00000000000000000001ce279949b5890526d67e667137db4d252fefd27e1c9a
1758754045.438676|nextBlockETA|-6627.0584
1758754107.797678|blockInterval|579.0588
1758754107.797678|hashRate|969396816477
1758754107.797678|latestHash|00000000000000000001ce279949b5890526d67e667137db4d252fefd27e1c9a
1758754107.797678|nextBlockETA|-6687.9412
1758754169.9572356|blockInterval|579.0588
1758754169.9572356|hashRate|969396816477
1758754169.9572356|latestHash|00000000000000000001ce279949b5890526d67e667137db4d252fefd27e1c9a
1758754169.9572356|nextBlockETA|-6750.9412
1758754232.4204204|blockInterval|579.0588
1758754232.4204204|hashRate|969396816477
1758754232.4204204|latestHash|00000000000000000001ce279949b5890526d67e667137db4d252fefd27e1c9a
1758754232.4204204|nextBlockETA|-6812.9412
1758754241.4914434|blockInterval|579.0588
1758754241.4914434|hashRate|969396816477
1758754241.4914434|latestHash|00000000000000000001ce279949b5890526d67e667137db4d252fefd27e1c9a
1758754241.4914434|nextBlockETA|-6821.9412
1758754268.219694|blockInterval|579.0588
1758754268.219694|hashRate|969396816477
1758754286.7273457|blockInterval|579.0588
1758754286.7273457|hashRate|969396816477
1758754286.7273457|latestHash|00000000000000000001ce279949b5890526d67e667137db4d252fefd27e1c9a
1758754286.7273457|nextBlockETA|-6866.9412
1758754307.8661256|blockInterval|579.0588
1758754307.8661256|hashRate|969396816477
1758754307.8661256|latestHash|00000000000000000001ce279949b5890526d67e667137db4d252fefd27e1c9a
1758754307.8661256|nextBlockETA|-6887.9412
1758754369.8494081|blockInterval|579.0588
1758754369.8494081|hashRate|969396816477
1758754369.8494081|latestHash|00000000000000000001ce279949b5890526d67e667137db4d252fefd27e1c9a
1758754369.8494081|nextBlockETA|-6949.9412
1758754431.9050524|blockInterval|580.3169
1758754431.9050524|hashRate|969396816477
1758754431.9050524|latestHash|00000000000000000001ce279949b5890526d67e667137db4d252fefd27e1c9a
1758754431.9050524|nextBlockETA|-7011.6831
1758754494.165641|blockInterval|578.0
1758754494.165641|hashRate|1011852151506
1758754494.165641|latestHash|00000000000000000001ce279949b5890526d67e667137db4d252fefd27e1c9a
1758754494.165641|nextBlockETA|-3423.0
1758754556.222483|blockInterval|578.0
1758754556.222483|hashRate|1004776262334
1758754556.222483|latestHash|00000000000000000001ce279949b5890526d67e667137db4d252fefd27e1c9a
1758754556.222483|nextBlockETA|-3485.0
1758754618.6909733|blockInterval|578.0
1758754618.6909733|hashRate|1004776262334
1758754618.6909733|latestHash|00000000000000000001ce279949b5890526d67e667137db4d252fefd27e1c9a
1758754618.6909733|nextBlockETA|-3547.0
1758754680.9495273|blockInterval|578.0
1758754680.9495273|hashRate|1004776262334
1758754680.9495273|latestHash|00000000000000000001ce279949b5890526d67e667137db4d252fefd27e1c9a
1758754680.9495273|nextBlockETA|-3609.0
1758754743.0010774|blockInterval|578.0
1758754743.0010774|hashRate|1004776262334
1758754743.0010774|latestHash|00000000000000000001ce279949b5890526d67e667137db4d252fefd27e1c9a
1758754743.0010774|nextBlockETA|-3672.0
1758754805.4627664|blockInterval|578.0
1758754805.4627664|hashRate|1004776262334
1758754805.4627664|latestHash|00000000000000000001ce279949b5890526d67e667137db4d252fefd27e1c9a
1758754805.4627664|nextBlockETA|-3734.0
1758754867.9305363|blockInterval|578.0
1758754867.9305363|hashRate|1004776262334
1758754867.9305363|latestHash|00000000000000000001ce279949b5890526d67e667137db4d252fefd27e1c9a
1758754867.9305363|nextBlockETA|-3796.0
1758754929.7810628|blockInterval|578.0
1758754929.7810628|hashRate|1004776262334
1758754929.7810628|latestHash|00000000000000000001ce279949b5890526d67e667137db4d252fefd27e1c9a
1758754929.7810628|nextBlockETA|-3858.0
1758754991.8356411|blockInterval|578.0
1758754991.8356411|hashRate|1004776262334
1758754991.8356411|latestHash|00000000000000000001ce279949b5890526d67e667137db4d252fefd27e1c9a
1758754991.8356411|nextBlockETA|-3920.0
1758755053.8912172|blockInterval|578.0
1758755053.8912172|hashRate|1004776262334
1758755053.8912172|latestHash|00000000000000000001ce279949b5890526d67e667137db4d252fefd27e1c9a
1758755053.8912172|nextBlockETA|-3982.0
1758755115.9447353|blockInterval|578.0
1758755115.9447353|hashRate|1004776262334
1758755115.9447353|latestHash|00000000000000000001ce279949b5890526d67e667137db4d252fefd27e1c9a
1758755115.9447353|nextBlockETA|-4044.0
1758755177.8967443|blockInterval|578.0
1758755177.8967443|hashRate|1004776262334
1758755177.8967443|latestHash|00000000000000000001ce279949b5890526d67e667137db4d252fefd27e1c9a
1758755177.8967443|nextBlockETA|-4107.0
1758755240.4640865|blockInterval|578.0
1758755240.4640865|hashRate|1004776262334
1758755240.4640865|latestHash|00000000000000000001ce279949b5890526d67e667137db4d252fefd27e1c9a
1758755240.4640865|nextBlockETA|-4170.0
1758755303.2366672|blockInterval|578.0
1758755303.2366672|hashRate|1004776262334
1758755303.2366672|latestHash|00000000000000000001ce279949b5890526d67e667137db4d252fefd27e1c9a
1758755303.2366672|nextBlockETA|-4232.0
1758755365.8029912|blockInterval|578.0
1758755365.8029912|hashRate|1004776262334
1758755365.8029912|latestHash|00000000000000000001ce279949b5890526d67e667137db4d252fefd27e1c9a
1758755365.8029912|nextBlockETA|-4295.0
1758755428.269471|blockInterval|580.0357
1758755428.269471|hashRate|997700373163
1758755428.269471|latestHash|00000000000000000001ce279949b5890526d67e667137db4d252fefd27e1c9a
1758755428.269471|nextBlockETA|-4354.9643
1758755490.322461|blockInterval|580.0357
1758755490.322461|hashRate|997700373163
1758755490.322461|latestHash|00000000000000000001ce279949b5890526d67e667137db4d252fefd27e1c9a
1758755490.322461|nextBlockETA|-4416.9643
1758755552.1707625|blockInterval|580.0357
1758755552.1707625|hashRate|997700373163
1758755552.1707625|latestHash|00000000000000000001ce279949b5890526d67e667137db4d252fefd27e1c9a
1758755552.1707625|nextBlockETA|-4477.9643
1758755614.019087|blockInterval|580.0357
1758755614.019087|hashRate|997700373163
1758755614.019087|latestHash|00000000000000000001ce279949b5890526d67e667137db4d252fefd27e1c9a
1758755614.019087|nextBlockETA|-4539.9643
1758755676.0731394|blockInterval|580.0357
1758755676.0731394|hashRate|997700373163
1758755676.0731394|latestHash|00000000000000000001ce279949b5890526d67e667137db4d252fefd27e1c9a
1758755676.0731394|nextBlockETA|-4601.9643
1758755738.1272113|blockInterval|581.3669
1758755738.1272113|hashRate|990624483991
1758755738.1272113|latestHash|00000000000000000001ce279949b5890526d67e667137db4d252fefd27e1c9a
1758755738.1272113|nextBlockETA|-4663.6331
1758755800.1820087|blockInterval|581.3669
1758755800.1820087|hashRate|990624483991
1758755800.1820087|latestHash|00000000000000000001ce279949b5890526d67e667137db4d252fefd27e1c9a
1758755800.1820087|nextBlockETA|-4725.6331
1758755862.6445546|blockInterval|581.3669
1758755862.6445546|hashRate|990624483991
1758755862.6445546|latestHash|00000000000000000001ce279949b5890526d67e667137db4d252fefd27e1c9a
1758755862.6445546|nextBlockETA|-4787.6331
1758755925.114233|blockInterval|581.3669
1758755925.114233|hashRate|990624483991
1758755925.114233|latestHash|00000000000000000001ce279949b5890526d67e667137db4d252fefd27e1c9a
1758755925.114233|nextBlockETA|-4850.6331
1758755987.5730796|blockInterval|581.3669
1758755987.5730796|hashRate|990624483991
1758755987.5730796|latestHash|00000000000000000001ce279949b5890526d67e667137db4d252fefd27e1c9a
1758755987.5730796|nextBlockETA|-4912.6331
1758756050.0352194|blockInterval|581.3669
1758756050.0352194|hashRate|990624483991
1758756050.0352194|latestHash|00000000000000000001ce279949b5890526d67e667137db4d252fefd27e1c9a
1758756050.0352194|nextBlockETA|-4975.6331
1758756112.2995317|blockInterval|584.0435
1758756112.2995317|hashRate|983548594820
1758756112.2995317|latestHash|00000000000000000001ce279949b5890526d67e667137db4d252fefd27e1c9a
1758756112.2995317|nextBlockETA|-5034.9565
1758756174.1483147|blockInterval|584.0435
1758756174.1483147|hashRate|983548594820
1758756174.1483147|latestHash|00000000000000000001ce279949b5890526d67e667137db4d252fefd27e1c9a
1758756174.1483147|nextBlockETA|-5096.9565
1758756236.4029253|blockInterval|584.0435
1758756236.4029253|hashRate|983548594820
1758756236.4029253|latestHash|00000000000000000001a931f10e1ccef1655b0f0f69dd0d007f8bc08443ddfe
1758756236.4029253|nextBlockETA|-5158.9565
1758756298.6618938|blockInterval|574.1606
1758756298.6618938|hashRate|983548594820
1758756298.6618938|latestHash|00000000000000000001a931f10e1ccef1655b0f0f69dd0d007f8bc08443ddfe
1758756298.6618938|nextBlockETA|-5230.8394
1758756360.8214571|blockInterval|574.1606
1758756360.8214571|hashRate|976472705649
1758756360.8214571|latestHash|00000000000000000001a931f10e1ccef1655b0f0f69dd0d007f8bc08443ddfe
1758756360.8214571|nextBlockETA|-5293.8394
1758756423.1824002|blockInterval|574.1606
1758756423.1824002|hashRate|976472705649
1758756423.1824002|latestHash|00000000000000000001a931f10e1ccef1655b0f0f69dd0d007f8bc08443ddfe
1758756423.1824002|nextBlockETA|-5355.8394
1758756485.4410107|blockInterval|574.1606
1758756485.4410107|hashRate|976472705649
1758756485.4410107|latestHash|00000000000000000001a931f10e1ccef1655b0f0f69dd0d007f8bc08443ddfe
1758756485.4410107|nextBlockETA|-5417.8394
1758756547.699951|blockInterval|574.1606
1758756547.699951|hashRate|976472705649
1758756547.699951|latestHash|00000000000000000001a931f10e1ccef1655b0f0f69dd0d007f8bc08443ddfe
1758756547.699951|nextBlockETA|-5480.8394
1758756610.1651745|blockInterval|574.1606
1758756610.1651745|hashRate|976472705649
1758756610.1651745|latestHash|00000000000000000001a931f10e1ccef1655b0f0f69dd0d007f8bc08443ddfe
1758756610.1651745|nextBlockETA|-5542.8394
1758756672.218161|blockInterval|574.1606
1758756672.218161|hashRate|976472705649
1758756672.218161|latestHash|00000000000000000001a931f10e1ccef1655b0f0f69dd0d007f8bc08443ddfe
1758756672.218161|nextBlockETA|-5604.8394
1758756734.4787362|blockInterval|574.1606
1758756734.4787362|hashRate|976472705649
1758756734.4787362|latestHash|00000000000000000001a931f10e1ccef1655b0f0f69dd0d007f8bc08443ddfe
1758756734.4787362|nextBlockETA|-5666.8394
1758756796.9419632|blockInterval|574.1606
1758756796.9419632|hashRate|976472705649
1758756796.9419632|latestHash|00000000000000000001a931f10e1ccef1655b0f0f69dd0d007f8bc08443ddfe
1758756796.9419632|nextBlockETA|-5728.8394
1758756858.9978995|blockInterval|574.1606
1758756858.9978995|hashRate|976472705649
1758756858.9978995|latestHash|00000000000000000000b9103c04cba43974cfd8ea851f756df0ac7774612a97
1758756858.9978995|nextBlockETA|-5791.8394
1758756921.46159|blockInterval|574.1606
1758756921.46159|hashRate|976472705649
1758756921.46159|latestHash|00000000000000000000ed1dec6c378cf4d4b34ac163acb285c85039bc94058a
1758756921.46159|nextBlockETA|-5853.8394
1758756983.9242537|blockInterval|574.1606
1758756983.9242537|hashRate|976472705649
1758756983.9242537|latestHash|00000000000000000000ed1dec6c378cf4d4b34ac163acb285c85039bc94058a
1758756983.9242537|nextBlockETA|-5916.8394
1758757046.388083|blockInterval|574.1606
1758757046.388083|hashRate|976472705649
1758757046.388083|latestHash|0000000000000000000108fef4b85043c8d744662af31d471a2101c83586977b
1758757046.388083|nextBlockETA|-5978.8394
1758757108.649301|blockInterval|574.1606
1758757108.649301|hashRate|976472705649
1758757108.649301|latestHash|000000000000000000003543a81a058fa9932617547cab190bf9184f944fba93
1758757108.649301|nextBlockETA|-6040.8394
1758757170.7038262|blockInterval|574.1606
1758757170.7038262|hashRate|976472705649
1758757170.7038262|latestHash|000000000000000000003543a81a058fa9932617547cab190bf9184f944fba93
1758757170.7038262|nextBlockETA|-6103.8394
1758757233.1695023|blockInterval|574.1606
1758757233.1695023|hashRate|976472705649
1758757233.1695023|latestHash|000000000000000000003543a81a058fa9932617547cab190bf9184f944fba93
1758757233.1695023|nextBlockETA|-6165.8394
1758757295.221923|blockInterval|574.1606
1758757295.221923|hashRate|976472705649
1758757295.221923|latestHash|000000000000000000003543a81a058fa9932617547cab190bf9184f944fba93
1758757295.221923|nextBlockETA|-6227.8394
1758757357.481655|blockInterval|574.1606
1758757357.481655|hashRate|976472705649
1758757357.481655|latestHash|000000000000000000003543a81a058fa9932617547cab190bf9184f944fba93
1758757357.481655|nextBlockETA|-6289.8394
1758757419.9440725|blockInterval|574.1606
1758757419.9440725|hashRate|976472705649
1758757419.9440725|latestHash|000000000000000000003543a81a058fa9932617547cab190bf9184f944fba93
1758757419.9440725|nextBlockETA|-6352.8394
1758757482.2056375|blockInterval|574.1606
1758757482.2056375|hashRate|976472705649
1758757482.2056375|latestHash|000000000000000000003543a81a058fa9932617547cab190bf9184f944fba93
1758757482.2056375|nextBlockETA|-6414.8394
1758757544.265453|blockInterval|574.1606
1758757544.265453|hashRate|976472705649
1758757544.265453|latestHash|000000000000000000003543a81a058fa9932617547cab190bf9184f944fba93
1758757544.265453|nextBlockETA|-6476.8394
1758757606.727207|blockInterval|574.1606
1758757606.727207|hashRate|976472705649
1758757606.727207|latestHash|000000000000000000003543a81a058fa9932617547cab190bf9184f944fba93
1758757606.727207|nextBlockETA|-6539.8394
1758757669.19262|blockInterval|574.1606
1758757669.19262|hashRate|976472705649
1758757669.19262|latestHash|000000000000000000003543a81a058fa9932617547cab190bf9184f944fba93
1758757669.19262|nextBlockETA|-6601.8394
1758757731.247801|blockInterval|574.1606
1758757731.247801|hashRate|976472705649
1758757731.247801|latestHash|000000000000000000003543a81a058fa9932617547cab190bf9184f944fba93
1758757731.247801|nextBlockETA|-6663.8394
1758757793.5085852|blockInterval|574.1606
1758757793.5085852|hashRate|976472705649
1758757793.5085852|latestHash|000000000000000000003543a81a058fa9932617547cab190bf9184f944fba93
1758757793.5085852|nextBlockETA|-6726.8394
1758757856.2835488|blockInterval|574.1606
1758757856.2835488|hashRate|976472705649
1758757856.2835488|latestHash|000000000000000000003543a81a058fa9932617547cab190bf9184f944fba93
1758757856.2835488|nextBlockETA|-6788.8394
1758757918.6466079|blockInterval|574.1606
1758757918.6466079|hashRate|976472705649
1758757918.6466079|latestHash|000000000000000000019e5591416f95de437b19dedf4fe737f231652b771408
1758757918.6466079|nextBlockETA|-6850.8394
1758757980.9099493|blockInterval|574.1606
1758757980.9099493|hashRate|976472705649
1758757980.9099493|latestHash|000000000000000000016c5080ff43b4c967499978e55ac348a486a80fed0a03
1758757980.9099493|nextBlockETA|-6912.8394
1758758042.962337|blockInterval|574.1606
1758758042.962337|hashRate|976472705649
1758758042.962337|latestHash|000000000000000000013cc36471d900d5f4542f51b11c933ef6796e5ce68e41
1758758042.962337|nextBlockETA|-6974.8394
1758758105.0166295|blockInterval|574.1606
1758758105.0166295|hashRate|976472705649
1758758105.0166295|latestHash|000000000000000000013cc36471d900d5f4542f51b11c933ef6796e5ce68e41
1758758105.0166295|nextBlockETA|-7037.8394
1758758167.5848076|blockInterval|574.1606
1758758167.5848076|hashRate|976472705649
1758758167.5848076|latestHash|000000000000000000013cc36471d900d5f4542f51b11c933ef6796e5ce68e41
1758758167.5848076|nextBlockETA|-7099.8394
1758758229.949669|blockInterval|574.1606
1758758229.949669|hashRate|976472705649
1758758229.949669|latestHash|000000000000000000013cc36471d900d5f4542f51b11c933ef6796e5ce68e41
1758758229.949669|nextBlockETA|-7162.8394
1758758292.2469356|blockInterval|576.9044
1758758292.2469356|hashRate|969396816477
1758758292.2469356|latestHash|00000000000000000000cf27eff0c7cba92fb5e389edcc8f8106434eb72fa2cb
1758758292.2469356|nextBlockETA|-7222.0956
1758758354.673256|blockInterval|576.9044
1758758354.673256|hashRate|969396816477
1758758354.673256|latestHash|00000000000000000000cf27eff0c7cba92fb5e389edcc8f8106434eb72fa2cb
1758758354.673256|nextBlockETA|-7284.0956
1758758416.7266269|blockInterval|576.9044
1758758416.7266269|hashRate|969396816477
1758758416.7266269|latestHash|00000000000000000000cf27eff0c7cba92fb5e389edcc8f8106434eb72fa2cb
1758758416.7266269|nextBlockETA|-7347.0956
1758758479.3007333|blockInterval|565.4074
1758758479.3007333|hashRate|962320927306
1758758479.3007333|latestHash|00000000000000000000cf27eff0c7cba92fb5e389edcc8f8106434eb72fa2cb
1758758479.3007333|nextBlockETA|-7420.5926
1758758541.658224|blockInterval|565.4074
1758758541.658224|hashRate|962320927306
1758758541.658224|latestHash|00000000000000000000cf27eff0c7cba92fb5e389edcc8f8106434eb72fa2cb
1758758541.658224|nextBlockETA|-7482.5926
1758758604.1229048|blockInterval|565.4074
1758758604.1229048|hashRate|962320927306
1758758604.1229048|latestHash|00000000000000000000cf27eff0c7cba92fb5e389edcc8f8106434eb72fa2cb
1758758604.1229048|nextBlockETA|-7544.5926
1758758665.9747467|blockInterval|565.4074
1758758665.9747467|hashRate|962320927306
1758758665.9747467|latestHash|00000000000000000000cf27eff0c7cba92fb5e389edcc8f8106434eb72fa2cb
1758758665.9747467|nextBlockETA|-7607.5926
1758758728.2333548|blockInterval|565.4074
1758758728.2333548|hashRate|962320927306
1758758728.2333548|latestHash|00000000000000000000cf27eff0c7cba92fb5e389edcc8f8106434eb72fa2cb
1758758728.2333548|nextBlockETA|-7669.5926
1758758790.593725|blockInterval|565.4074
1758758790.593725|hashRate|962320927306
1758758790.593725|latestHash|00000000000000000000cf27eff0c7cba92fb5e389edcc8f8106434eb72fa2cb
1758758790.593725|nextBlockETA|-7731.5926
1758758853.059431|blockInterval|565.4074
1758758853.059431|hashRate|962320927306
1758758853.059431|latestHash|00000000000000000000cf27eff0c7cba92fb5e389edcc8f8106434eb72fa2cb
1758758853.059431|nextBlockETA|-7794.5926
1758758915.5239375|blockInterval|565.4074
1758758915.5239375|hashRate|962320927306
1758758915.5239375|latestHash|00000000000000000000cf27eff0c7cba92fb5e389edcc8f8106434eb72fa2cb
1758758915.5239375|nextBlockETA|-7857.5926
1758758978.1943383|blockInterval|565.4074
1758758978.1943383|hashRate|962320927306
1758758978.1943383|latestHash|00000000000000000000cf27eff0c7cba92fb5e389edcc8f8106434eb72fa2cb
1758758978.1943383|nextBlockETA|-7919.5926
1758759040.660719|blockInterval|565.4074
1758759040.660719|hashRate|962320927306
1758759040.660719|latestHash|00000000000000000000d52ba0c942e022008e0b00dbc823911c21fdf2223f91
1758759040.660719|nextBlockETA|-7981.5926
1758759102.918662|blockInterval|565.4074
1758759102.918662|hashRate|962320927306
1758759102.918662|latestHash|00000000000000000000d52ba0c942e022008e0b00dbc823911c21fdf2223f91
1758759102.918662|nextBlockETA|-8044.5926
1758759165.1789293|blockInterval|565.4074
1758759165.1789293|hashRate|962320927306
1758759165.1789293|latestHash|00000000000000000000d52ba0c942e022008e0b00dbc823911c21fdf2223f91
1758759165.1789293|nextBlockETA|-8107.5926
1758759228.256481|blockInterval|565.4074
1758759228.256481|hashRate|962320927306
1758759228.256481|latestHash|00000000000000000000d52ba0c942e022008e0b00dbc823911c21fdf2223f91
1758759228.256481|nextBlockETA|-8169.5926
1758759290.31274|blockInterval|565.4074
1758759290.31274|hashRate|962320927306
1758759290.31274|latestHash|00000000000000000000d52ba0c942e022008e0b00dbc823911c21fdf2223f91
1758759290.31274|nextBlockETA|-8231.5926
1758759352.7761865|blockInterval|564.5532
1758759352.7761865|hashRate|962320927306
1758759352.7761865|latestHash|00000000000000000000d52ba0c942e022008e0b00dbc823911c21fdf2223f91
1758759352.7761865|nextBlockETA|-5022.4468
1758759414.6250432|blockInterval|564.5532
1758759414.6250432|hashRate|1004776262334
1758759414.6250432|latestHash|000000000000000000008f363a8b4ed3f84036a5ff4b79117739a3864c0a3ccf
1758759414.6250432|nextBlockETA|-5084.4468
1758759476.781806|blockInterval|564.5532
1758759476.781806|hashRate|1004776262334
1758759476.781806|latestHash|000000000000000000008f363a8b4ed3f84036a5ff4b79117739a3864c0a3ccf
1758759476.781806|nextBlockETA|-5146.4468
1758759538.9404619|blockInterval|564.5532
1758759538.9404619|hashRate|1004776262334
1758759538.9404619|latestHash|000000000000000000008f363a8b4ed3f84036a5ff4b79117739a3864c0a3ccf
1758759538.9404619|nextBlockETA|-5209.4468
1758759601.4153905|blockInterval|564.5532
1758759601.4153905|hashRate|1004776262334
1758759601.4153905|latestHash|000000000000000000008f363a8b4ed3f84036a5ff4b79117739a3864c0a3ccf
1758759601.4153905|nextBlockETA|-5271.4468
1758759663.8683932|blockInterval|564.5532
1758759663.8683932|hashRate|1004776262334
1758759663.8683932|latestHash|000000000000000000008f363a8b4ed3f84036a5ff4b79117739a3864c0a3ccf
1758759663.8683932|nextBlockETA|-5334.4468
1758759726.2375824|blockInterval|564.5532
1758759726.2375824|hashRate|1004776262334
1758759726.2375824|latestHash|000000000000000000008f363a8b4ed3f84036a5ff4b79117739a3864c0a3ccf
1758759726.2375824|nextBlockETA|-5396.4468
1758759788.7991145|blockInterval|564.5532
1758759788.7991145|hashRate|1004776262334
1758759788.7991145|latestHash|000000000000000000008f363a8b4ed3f84036a5ff4b79117739a3864c0a3ccf
1758759788.7991145|nextBlockETA|-5458.4468
1758759851.0590553|blockInterval|564.5532
1758759851.0590553|hashRate|1004776262334
1758759851.0590553|latestHash|000000000000000000008f363a8b4ed3f84036a5ff4b79117739a3864c0a3ccf
1758759851.0590553|nextBlockETA|-5521.4468
1758759913.3187654|blockInterval|564.5532
1758759913.3187654|hashRate|1004776262334
1758759913.3187654|latestHash|000000000000000000008f363a8b4ed3f84036a5ff4b79117739a3864c0a3ccf
1758759913.3187654|nextBlockETA|-5583.4468
1758759975.3721476|blockInterval|564.5532
1758759975.3721476|hashRate|1004776262334
1758759975.3721476|latestHash|000000000000000000008f363a8b4ed3f84036a5ff4b79117739a3864c0a3ccf
1758759975.3721476|nextBlockETA|-5645.4468
1758760037.1213217|blockInterval|564.5532
1758760037.1213217|hashRate|1004776262334
1758760037.1213217|latestHash|000000000000000000008f363a8b4ed3f84036a5ff4b79117739a3864c0a3ccf
1758760037.1213217|nextBlockETA|-5707.4468
1758760099.840328|blockInterval|564.5532
1758760099.840328|hashRate|1004776262334
1758760099.840328|latestHash|000000000000000000008f363a8b4ed3f84036a5ff4b79117739a3864c0a3ccf
1758760099.840328|nextBlockETA|-5769.4468
1758760162.1001651|blockInterval|564.5532
1758760162.1001651|hashRate|1004776262334
1758760162.1001651|latestHash|000000000000000000012acb41702afb2574d7769d19bbb38ba6b339b75b3c20
1758760162.1001651|nextBlockETA|-5832.4468
1758760224.1636171|blockInterval|564.5532
1758760224.1636171|hashRate|1004776262334
1758760224.1636171|latestHash|0000000000000000000055edb12f81d4b81cd0b977435bc96e6e67b3c161a9b2
1758760224.1636171|nextBlockETA|-5893.4468
1758760286.1657562|blockInterval|564.5532
1758760286.1657562|hashRate|1004776262334
1758760286.1657562|latestHash|0000000000000000000055edb12f81d4b81cd0b977435bc96e6e67b3c161a9b2
1758760286.1657562|nextBlockETA|-5956.4468
1758760348.5228243|blockInterval|564.5532
1758760348.5228243|hashRate|1004776262334
1758760348.5228243|latestHash|0000000000000000000055edb12f81d4b81cd0b977435bc96e6e67b3c161a9b2
1758760348.5228243|nextBlockETA|-6018.4468
1758760410.783314|blockInterval|564.5532
1758760410.783314|hashRate|1004776262334
1758760410.783314|latestHash|0000000000000000000055edb12f81d4b81cd0b977435bc96e6e67b3c161a9b2
1758760410.783314|nextBlockETA|-6080.4468
1758760473.0416222|blockInterval|564.5532
1758760473.0416222|hashRate|1004776262334
1758760473.0416222|latestHash|0000000000000000000055edb12f81d4b81cd0b977435bc96e6e67b3c161a9b2
1758760473.0416222|nextBlockETA|-6142.4468
1758760534.787826|blockInterval|564.5532
1758760534.787826|hashRate|1004776262334
1758760534.787826|latestHash|0000000000000000000055edb12f81d4b81cd0b977435bc96e6e67b3c161a9b2
1758760534.787826|nextBlockETA|-6205.4468
1758760597.1498082|blockInterval|564.7429
1758760597.1498082|hashRate|1004776262334
1758760597.1498082|latestHash|0000000000000000000055edb12f81d4b81cd0b977435bc96e6e67b3c161a9b2
1758760597.1498082|nextBlockETA|-6267.2571
1758760659.6096635|blockInterval|564.7429
1758760659.6096635|hashRate|997700373163
1758760659.6096635|latestHash|0000000000000000000055edb12f81d4b81cd0b977435bc96e6e67b3c161a9b2
1758760659.6096635|nextBlockETA|-6330.2571
1758760722.2737577|blockInterval|564.7429
1758760722.2737577|hashRate|997700373163
1758760722.2737577|latestHash|0000000000000000000055edb12f81d4b81cd0b977435bc96e6e67b3c161a9b2
1758760722.2737577|nextBlockETA|-6392.2571
1758760784.5284388|blockInterval|564.7429
1758760784.5284388|hashRate|997700373163
1758760784.5284388|latestHash|0000000000000000000055edb12f81d4b81cd0b977435bc96e6e67b3c161a9b2
1758760784.5284388|nextBlockETA|-6454.2571
1758760847.1998|blockInterval|564.7429
1758760847.1998|hashRate|997700373163
1758760847.1998|latestHash|000000000000000000014e691e78e52c3246baa5fdc6be31fb4271527a91b5dd
1758760847.1998|nextBlockETA|-6517.2571
1758760909.4501617|blockInterval|564.7429
1758760909.4501617|hashRate|997700373163
1758760909.4501617|latestHash|000000000000000000014e691e78e52c3246baa5fdc6be31fb4271527a91b5dd
1758760909.4501617|nextBlockETA|-6579.2571
1758760971.7090194|blockInterval|564.7429
1758760971.7090194|hashRate|997700373163
1758760971.7090194|latestHash|000000000000000000014e691e78e52c3246baa5fdc6be31fb4271527a91b5dd
1758760971.7090194|nextBlockETA|-6641.2571
1758761033.6559684|blockInterval|564.7429
1758761033.6559684|hashRate|997700373163
1758761033.6559684|latestHash|000000000000000000014e691e78e52c3246baa5fdc6be31fb4271527a91b5dd
1758761033.6559684|nextBlockETA|-6703.2571
1758761096.0169942|blockInterval|564.7429
1758761096.0169942|hashRate|997700373163
1758761096.0169942|latestHash|000000000000000000018d3869ec23b1057c08b6ad4e6e05938f57cf9586ca96
1758761096.0169942|nextBlockETA|-6765.2571
1758761158.0679512|blockInterval|567.1007
1758761158.0679512|hashRate|990624483991
1758761158.0679512|latestHash|000000000000000000013faefd26d9181098e3994d16d10df4fcc10fbd140d11
1758761158.0679512|nextBlockETA|-6825.8993
1758761220.5299184|blockInterval|567.1007
1758761220.5299184|hashRate|990624483991
1758761220.5299184|latestHash|000000000000000000013faefd26d9181098e3994d16d10df4fcc10fbd140d11
1758761220.5299184|nextBlockETA|-6887.8993
1758761282.5927494|blockInterval|567.1007
1758761282.5927494|hashRate|990624483991
1758761282.5927494|latestHash|000000000000000000000220e41533631524abaf527f36e569411576a3ba40d7
1758761282.5927494|nextBlockETA|-6949.8993
1758761344.8433986|blockInterval|569.8768
1758761344.8433986|hashRate|990624483991
1758761344.8433986|latestHash|000000000000000000000220e41533631524abaf527f36e569411576a3ba40d7
1758761344.8433986|nextBlockETA|-7009.1232
1758761407.1006293|blockInterval|569.8768
1758761407.1006293|hashRate|983548594820
1758761407.1006293|latestHash|000000000000000000000220e41533631524abaf527f36e569411576a3ba40d7
1758761407.1006293|nextBlockETA|-7072.1232
1758761469.4604707|blockInterval|569.8768
1758761469.4604707|hashRate|983548594820
1758761469.4604707|latestHash|00000000000000000001c3d6a4597db3baaad8d15195d9bc98110b34a5f78d51
1758761469.4604707|nextBlockETA|-7134.1232
1758761531.8305871|blockInterval|564.1898
1758761531.8305871|hashRate|983548594820
1758761531.8305871|latestHash|00000000000000000001c3d6a4597db3baaad8d15195d9bc98110b34a5f78d51
1758761531.8305871|nextBlockETA|-7201.8102
1758761594.0785906|blockInterval|564.1898
1758761594.0785906|hashRate|976472705649
1758761594.0785906|latestHash|00000000000000000001c3d6a4597db3baaad8d15195d9bc98110b34a5f78d51
1758761594.0785906|nextBlockETA|-7264.8102
1758761656.5427477|blockInterval|564.1898
1758761656.5427477|hashRate|976472705649
1758761656.5427477|latestHash|00000000000000000001c3d6a4597db3baaad8d15195d9bc98110b34a5f78d51
1758761656.5427477|nextBlockETA|-7327.8102
1758761719.4158497|blockInterval|556.2993
1758761719.4158497|hashRate|1047231597362
1758761719.4158497|latestHash|00000000000000000001c3d6a4597db3baaad8d15195d9bc98110b34a5f78d51
1758761719.4158497|nextBlockETA|-7397.7007
1758761781.6762068|blockInterval|556.2993
1758761781.6762068|hashRate|1047231597362
1758761781.6762068|latestHash|00000000000000000001c3d6a4597db3baaad8d15195d9bc98110b34a5f78d51
1758761781.6762068|nextBlockETA|-2978.7007
1758761844.138062|blockInterval|556.2993
1758761844.138062|hashRate|1047231597362
1758761844.138062|latestHash|00000000000000000001c3d6a4597db3baaad8d15195d9bc98110b34a5f78d51
1758761844.138062|nextBlockETA|-3040.7007
1758761906.396576|blockInterval|556.2993
1758761906.396576|hashRate|1047231597362
1758761906.396576|latestHash|00000000000000000001c3d6a4597db3baaad8d15195d9bc98110b34a5f78d51
1758761906.396576|nextBlockETA|-3102.7007
1758761968.7554243|blockInterval|556.2993
1758761968.7554243|hashRate|1047231597362
1758761968.7554243|latestHash|00000000000000000001c3d6a4597db3baaad8d15195d9bc98110b34a5f78d51
1758761968.7554243|nextBlockETA|-3164.7007
1758762030.9128656|blockInterval|556.2993
1758762030.9128656|hashRate|1047231597362
1758762030.9128656|latestHash|00000000000000000001c3d6a4597db3baaad8d15195d9bc98110b34a5f78d51
1758762030.9128656|nextBlockETA|-3227.7007
1758762093.3768973|blockInterval|556.2993
1758762093.3768973|hashRate|1047231597362
1758762093.3768973|latestHash|00000000000000000001c3d6a4597db3baaad8d15195d9bc98110b34a5f78d51
1758762093.3768973|nextBlockETA|-3289.7007
1758762155.6337998|blockInterval|556.2993
1758762155.6337998|hashRate|1047231597362
1758762155.6337998|latestHash|00000000000000000001c3d6a4597db3baaad8d15195d9bc98110b34a5f78d51
1758762155.6337998|nextBlockETA|-3352.7007
1758762238.4916737|blockInterval|556.2993
1758762238.4916737|hashRate|1047231597362
1758762238.4916737|latestHash|00000000000000000001c3d6a4597db3baaad8d15195d9bc98110b34a5f78d51
1758762238.4916737|nextBlockETA|-3434.7007
1758762300.0509553|blockInterval|556.2993
1758762300.0509553|hashRate|1047231597362
1758762300.0509553|latestHash|00000000000000000001c3d6a4597db3baaad8d15195d9bc98110b34a5f78d51
1758762300.0509553|nextBlockETA|-3495.7007
1758762361.9946709|blockInterval|556.2993
1758762361.9946709|hashRate|1047231597362
1758762361.9946709|latestHash|00000000000000000001c3d6a4597db3baaad8d15195d9bc98110b34a5f78d51
1758762361.9946709|nextBlockETA|-3558.7007
1758762424.4590044|blockInterval|556.2993
1758762424.4590044|hashRate|1047231597362
1758762424.4590044|latestHash|00000000000000000001c3d6a4597db3baaad8d15195d9bc98110b34a5f78d51
1758762424.4590044|nextBlockETA|-3620.7007
1758762486.7161458|blockInterval|556.2993
1758762486.7161458|hashRate|1047231597362
1758762486.7161458|latestHash|00000000000000000001c3d6a4597db3baaad8d15195d9bc98110b34a5f78d51
1758762486.7161458|nextBlockETA|-3682.7007
1758762548.7697883|blockInterval|556.2993
1758762548.7697883|hashRate|1047231597362
1758762548.7697883|latestHash|00000000000000000001c3d6a4597db3baaad8d15195d9bc98110b34a5f78d51
1758762548.7697883|nextBlockETA|-3744.7007
1758762611.0366054|blockInterval|556.2993
1758762611.0366054|hashRate|1047231597362
1758762611.0366054|latestHash|00000000000000000001c3d6a4597db3baaad8d15195d9bc98110b34a5f78d51
1758762611.0366054|nextBlockETA|-3807.7007
1758762673.6060712|blockInterval|556.2993
1758762673.6060712|hashRate|1047231597362
1758762673.6060712|latestHash|00000000000000000001c3d6a4597db3baaad8d15195d9bc98110b34a5f78d51
1758762673.6060712|nextBlockETA|-3869.7007
1758762735.956119|blockInterval|556.2993
1758762735.956119|hashRate|1047231597362
1758762735.956119|latestHash|00000000000000000001c3d6a4597db3baaad8d15195d9bc98110b34a5f78d51
1758762735.956119|nextBlockETA|-3932.7007
1758762798.11926|blockInterval|556.2993
1758762798.11926|hashRate|1047231597362
1758762798.11926|latestHash|00000000000000000001c3d6a4597db3baaad8d15195d9bc98110b34a5f78d51
1758762798.11926|nextBlockETA|-3994.7007
1758762860.1666782|blockInterval|556.2993
1758762860.1666782|hashRate|1047231597362
1758762860.1666782|latestHash|00000000000000000001c3d6a4597db3baaad8d15195d9bc98110b34a5f78d51
1758762860.1666782|nextBlockETA|-4056.7007
1758762922.1182444|blockInterval|558.0479
1758762922.1182444|hashRate|1040155708191
1758762922.1182444|latestHash|00000000000000000001c3d6a4597db3baaad8d15195d9bc98110b34a5f78d51
1758762922.1182444|nextBlockETA|-4116.9521
1758762984.5827162|blockInterval|558.0479
1758762984.5827162|hashRate|1040155708191
1758762984.5827162|latestHash|00000000000000000001c3d6a4597db3baaad8d15195d9bc98110b34a5f78d51
1758762984.5827162|nextBlockETA|-4178.9521
1758763046.432037|blockInterval|558.0479
1758763046.432037|hashRate|1040155708191
1758763046.432037|latestHash|00000000000000000001c3d6a4597db3baaad8d15195d9bc98110b34a5f78d51
1758763046.432037|nextBlockETA|-4240.9521
1758763108.6919892|blockInterval|558.0479
1758763108.6919892|hashRate|1040155708191
1758763108.6919892|latestHash|00000000000000000001c3d6a4597db3baaad8d15195d9bc98110b34a5f78d51
1758763108.6919892|nextBlockETA|-4303.9521
1758763171.052847|blockInterval|558.0479
1758763171.052847|hashRate|1040155708191
1758763171.052847|latestHash|00000000000000000001d97c442118c37ff963d48330e0ebbb35452d1c193f87
1758763171.052847|nextBlockETA|-4365.9521
1758763233.2091398|blockInterval|556.7931
1758763233.2091398|hashRate|1033079819020
1758763233.2091398|latestHash|00000000000000000001d97c442118c37ff963d48330e0ebbb35452d1c193f87
1758763233.2091398|nextBlockETA|-4429.2069
1758763295.2648225|blockInterval|556.7931
1758763295.2648225|hashRate|1033079819020
1758763295.2648225|latestHash|00000000000000000001d97c442118c37ff963d48330e0ebbb35452d1c193f87
1758763295.2648225|nextBlockETA|-4491.2069
1758763357.522608|blockInterval|556.7931
1758763357.522608|hashRate|1033079819020
1758763357.522608|latestHash|00000000000000000001d97c442118c37ff963d48330e0ebbb35452d1c193f87
1758763357.522608|nextBlockETA|-4553.2069
1758763419.8837228|blockInterval|556.7931
1758763419.8837228|hashRate|1033079819020
1758763419.8837228|latestHash|00000000000000000001d97c442118c37ff963d48330e0ebbb35452d1c193f87
1758763419.8837228|nextBlockETA|-4615.2069
1758763481.8355448|blockInterval|556.7931
1758763481.8355448|hashRate|1033079819020
1758763481.8355448|latestHash|00000000000000000001d97c442118c37ff963d48330e0ebbb35452d1c193f87
1758763481.8355448|nextBlockETA|-4678.2069
1758763544.0946465|blockInterval|556.7931
1758763544.0946465|hashRate|1033079819020
1758763544.0946465|latestHash|00000000000000000001d97c442118c37ff963d48330e0ebbb35452d1c193f87
1758763544.0946465|nextBlockETA|-4741.2069
1758763607.1878645|blockInterval|556.7931
1758763607.1878645|hashRate|1033079819020
1758763607.1878645|latestHash|00000000000000000001d97c442118c37ff963d48330e0ebbb35452d1c193f87
1758763607.1878645|nextBlockETA|-4803.2069
1758763669.430659|blockInterval|556.7931
1758763669.430659|hashRate|1033079819020
1758763669.430659|latestHash|00000000000000000001a925d08f78c9614c38fb21e948f3f44f708c360baf69
1758763669.430659|nextBlockETA|-4865.2069
1758763731.279886|blockInterval|556.7931
1758763731.279886|hashRate|1033079819020
1758763731.279886|latestHash|00000000000000000001a925d08f78c9614c38fb21e948f3f44f708c360baf69
1758763731.279886|nextBlockETA|-4927.2069
1758763793.9484293|blockInterval|556.7931
1758763793.9484293|hashRate|1033079819020
1758763793.9484293|latestHash|00000000000000000001a925d08f78c9614c38fb21e948f3f44f708c360baf69
1758763793.9484293|nextBlockETA|-4990.2069
1758763856.4130023|blockInterval|556.7931
1758763856.4130023|hashRate|1033079819020
1758763856.4130023|latestHash|00000000000000000001a925d08f78c9614c38fb21e948f3f44f708c360baf69
1758763856.4130023|nextBlockETA|-5052.2069
1758763918.671354|blockInterval|558.7083
1758763918.671354|hashRate|1033079819020
1758763918.671354|latestHash|000000000000000000008387c2f686b79a898b8bb7d1da61bc4fa8187b2e7b82
1758763918.671354|nextBlockETA|-5113.2917
1758763981.1349323|blockInterval|558.7083
1758763981.1349323|hashRate|1026003929848
1758763981.1349323|latestHash|000000000000000000008387c2f686b79a898b8bb7d1da61bc4fa8187b2e7b82
1758763981.1349323|nextBlockETA|-5175.2917
1758764043.602297|blockInterval|558.7083
1758764043.602297|hashRate|1026003929848
1758764043.602297|latestHash|000000000000000000008387c2f686b79a898b8bb7d1da61bc4fa8187b2e7b82
1758764043.602297|nextBlockETA|-5237.2917
1758764105.8572538|blockInterval|558.7083
1758764105.8572538|hashRate|1026003929848
1758764105.8572538|latestHash|000000000000000000008387c2f686b79a898b8bb7d1da61bc4fa8187b2e7b82
1758764105.8572538|nextBlockETA|-5300.2917
1758764168.1220145|blockInterval|558.7083
1758764168.1220145|hashRate|1026003929848
1758764168.1220145|latestHash|000000000000000000008387c2f686b79a898b8bb7d1da61bc4fa8187b2e7b82
1758764168.1220145|nextBlockETA|-5362.2917
1758764230.1715753|blockInterval|552.6154
1758764230.1715753|hashRate|1018928040677
1758764230.1715753|latestHash|000000000000000000008387c2f686b79a898b8bb7d1da61bc4fa8187b2e7b82
1758764230.1715753|nextBlockETA|-5431.3846
1758764293.0440435|blockInterval|552.6154
1758764293.0440435|hashRate|1018928040677
1758764293.0440435|latestHash|000000000000000000008387c2f686b79a898b8bb7d1da61bc4fa8187b2e7b82
1758764293.0440435|nextBlockETA|-5493.3846
1758764355.8543193|blockInterval|552.6154
1758764355.8543193|hashRate|1018928040677
1758764355.8543193|latestHash|000000000000000000008387c2f686b79a898b8bb7d1da61bc4fa8187b2e7b82
1758764355.8543193|nextBlockETA|-5555.3846
1758764417.9212513|blockInterval|552.6154
1758764417.9212513|hashRate|1018928040677
1758764417.9212513|latestHash|000000000000000000008387c2f686b79a898b8bb7d1da61bc4fa8187b2e7b82
1758764417.9212513|nextBlockETA|-5618.3846
1758764480.3978984|blockInterval|552.6154
1758764480.3978984|hashRate|1018928040677
1758764480.3978984|latestHash|000000000000000000008387c2f686b79a898b8bb7d1da61bc4fa8187b2e7b82
1758764480.3978984|nextBlockETA|-5680.3846
1758764542.6629062|blockInterval|552.6154
1758764542.6629062|hashRate|1018928040677
1758764542.6629062|latestHash|0000000000000000000157456bf1f0d82728a8b0a33cc94808cb7aaaec940b31
1758764542.6629062|nextBlockETA|-5742.3846
1758764605.126876|blockInterval|552.6154
1758764605.126876|hashRate|1018928040677
1758764605.126876|latestHash|0000000000000000000157456bf1f0d82728a8b0a33cc94808cb7aaaec940b31
1758764605.126876|nextBlockETA|-5805.3846
1758764667.3985145|blockInterval|552.6154
1758764667.3985145|hashRate|1018928040677
1758764667.3985145|latestHash|0000000000000000000157456bf1f0d82728a8b0a33cc94808cb7aaaec940b31
1758764667.3985145|nextBlockETA|-5867.3846
1758764729.879167|blockInterval|552.6154
1758764729.879167|hashRate|1018928040677
1758764729.879167|latestHash|0000000000000000000157456bf1f0d82728a8b0a33cc94808cb7aaaec940b31
1758764729.879167|nextBlockETA|-5929.3846
1758764791.9186287|blockInterval|552.6154
1758764791.9186287|hashRate|1018928040677
1758764791.9186287|latestHash|0000000000000000000157456bf1f0d82728a8b0a33cc94808cb7aaaec940b31
1758764791.9186287|nextBlockETA|-5992.3846
1758764854.3321528|blockInterval|552.6154
1758764854.3321528|hashRate|1018928040677
1758764854.3321528|latestHash|0000000000000000000157456bf1f0d82728a8b0a33cc94808cb7aaaec940b31
1758764854.3321528|nextBlockETA|-6054.3846
1758764916.9842393|blockInterval|552.6154
1758764916.9842393|hashRate|1018928040677
1758764916.9842393|latestHash|0000000000000000000157456bf1f0d82728a8b0a33cc94808cb7aaaec940b31
1758764916.9842393|nextBlockETA|-6117.3846
1758764979.2395775|blockInterval|552.6154
1758764979.2395775|hashRate|1018928040677
1758764979.2395775|latestHash|0000000000000000000115e10afbd031008407512459ad6089b0e08e5f3532f3
1758764979.2395775|nextBlockETA|-6179.3846
1758765041.706164|blockInterval|552.6154
1758765041.706164|hashRate|1018928040677
1758765041.706164|latestHash|0000000000000000000115e10afbd031008407512459ad6089b0e08e5f3532f3
1758765041.706164|nextBlockETA|-6241.3846
1758765103.9697487|blockInterval|552.6154
1758765103.9697487|hashRate|1018928040677
1758765103.9697487|latestHash|0000000000000000000115e10afbd031008407512459ad6089b0e08e5f3532f3
1758765103.9697487|nextBlockETA|-6303.3846
1758765166.0291324|blockInterval|552.6154
1758765166.0291324|hashRate|1018928040677
1758765166.0291324|latestHash|0000000000000000000115e10afbd031008407512459ad6089b0e08e5f3532f3
1758765166.0291324|nextBlockETA|-6366.3846
1758765228.29426|blockInterval|552.6154
1758765228.29426|hashRate|1018928040677
1758765228.29426|latestHash|0000000000000000000115e10afbd031008407512459ad6089b0e08e5f3532f3
1758765228.29426|nextBlockETA|-6428.3846
1758765290.5568671|blockInterval|552.6154
1758765290.5568671|hashRate|1018928040677
1758765290.5568671|latestHash|0000000000000000000115e10afbd031008407512459ad6089b0e08e5f3532f3
1758765290.5568671|nextBlockETA|-6490.3846
1758765352.8229206|blockInterval|552.6154
1758765352.8229206|hashRate|1018928040677
1758765352.8229206|latestHash|0000000000000000000115e10afbd031008407512459ad6089b0e08e5f3532f3
1758765352.8229206|nextBlockETA|-6553.3846
1758765415.4965239|blockInterval|552.6154
1758765415.4965239|hashRate|1018928040677
1758765415.4965239|latestHash|0000000000000000000115e10afbd031008407512459ad6089b0e08e5f3532f3
1758765415.4965239|nextBlockETA|-6615.3846
1758765477.9638524|blockInterval|552.6154
1758765477.9638524|hashRate|1018928040677
1758765477.9638524|latestHash|0000000000000000000115e10afbd031008407512459ad6089b0e08e5f3532f3
1758765477.9638524|nextBlockETA|-6678.3846
1758765540.4314463|blockInterval|552.6154
1758765540.4314463|hashRate|1018928040677
1758765540.4314463|latestHash|0000000000000000000115e10afbd031008407512459ad6089b0e08e5f3532f3
1758765540.4314463|nextBlockETA|-6740.3846
1758765602.484244|blockInterval|552.6154
1758765602.484244|hashRate|1018928040677
1758765602.484244|latestHash|0000000000000000000115e10afbd031008407512459ad6089b0e08e5f3532f3
1758765602.484244|nextBlockETA|-6803.3846
1758765665.559755|blockInterval|545.169
1758765665.559755|hashRate|1018928040677
1758765665.559755|latestHash|0000000000000000000115e10afbd031008407512459ad6089b0e08e5f3532f3
1758765665.559755|nextBlockETA|-6872.831
1758765727.7136629|blockInterval|545.169
1758765727.7136629|hashRate|1011852151506
1758765727.7136629|latestHash|0000000000000000000115e10afbd031008407512459ad6089b0e08e5f3532f3
1758765727.7136629|nextBlockETA|-6935.831
1758765790.1853302|blockInterval|545.169
1758765790.1853302|hashRate|1011852151506
1758765790.1853302|latestHash|0000000000000000000115e10afbd031008407512459ad6089b0e08e5f3532f3
1758765790.1853302|nextBlockETA|-6997.831
1758765852.1326735|blockInterval|545.169
1758765852.1326735|hashRate|1011852151506
1758765852.1326735|latestHash|0000000000000000000115e10afbd031008407512459ad6089b0e08e5f3532f3
1758765852.1326735|nextBlockETA|-7059.831
1758765914.3942704|blockInterval|545.169
1758765914.3942704|hashRate|1011852151506
1758765914.3942704|latestHash|0000000000000000000115e10afbd031008407512459ad6089b0e08e5f3532f3
1758765914.3942704|nextBlockETA|-7121.831
1758765976.2449496|blockInterval|545.169
1758765976.2449496|hashRate|1011852151506
1758765976.2449496|latestHash|0000000000000000000115e10afbd031008407512459ad6089b0e08e5f3532f3
1758765976.2449496|nextBlockETA|-7183.831
1758766038.710225|blockInterval|545.169
1758766038.710225|hashRate|1011852151506
1758766038.710225|latestHash|0000000000000000000115e10afbd031008407512459ad6089b0e08e5f3532f3
1758766038.710225|nextBlockETA|-7245.831
1758766100.7690713|blockInterval|530.1645
1758766100.7690713|hashRate|1011852151506
1758766100.7690713|latestHash|0000000000000000000115e10afbd031008407512459ad6089b0e08e5f3532f3
1758766100.7690713|nextBlockETA|-4152.8355
1758766163.233159|blockInterval|530.1645
1758766163.233159|hashRate|1082611043219
1758766163.233159|latestHash|0000000000000000000115e10afbd031008407512459ad6089b0e08e5f3532f3
1758766163.233159|nextBlockETA|-4214.8355
1758766225.4942417|blockInterval|530.1645
1758766225.4942417|hashRate|1082611043219
1758766225.4942417|latestHash|0000000000000000000115e10afbd031008407512459ad6089b0e08e5f3532f3
1758766225.4942417|nextBlockETA|-4276.8355
1758766287.7698405|blockInterval|530.1645
1758766287.7698405|hashRate|1082611043219
1758766287.7698405|latestHash|0000000000000000000115e10afbd031008407512459ad6089b0e08e5f3532f3
1758766287.7698405|nextBlockETA|-4338.8355
1758766350.0204046|blockInterval|530.1645
1758766350.0204046|hashRate|1082611043219
1758766350.0204046|latestHash|0000000000000000000115e10afbd031008407512459ad6089b0e08e5f3532f3
1758766350.0204046|nextBlockETA|-4401.8355
1758766412.692317|blockInterval|530.1645
1758766412.692317|hashRate|1082611043219
1758766412.692317|latestHash|0000000000000000000115e10afbd031008407512459ad6089b0e08e5f3532f3
1758766412.692317|nextBlockETA|-4464.8355
1758766475.3640776|blockInterval|530.1645
1758766475.3640776|hashRate|1082611043219
1758766475.3640776|latestHash|0000000000000000000115e10afbd031008407512459ad6089b0e08e5f3532f3
1758766475.3640776|nextBlockETA|-4526.8355
1758766537.4215972|blockInterval|530.1645
1758766537.4215972|hashRate|1082611043219
1758766537.4215972|latestHash|0000000000000000000115e10afbd031008407512459ad6089b0e08e5f3532f3
1758766537.4215972|nextBlockETA|-4588.8355
1758766599.6822402|blockInterval|530.1645
1758766599.6822402|hashRate|1082611043219
1758766599.6822402|latestHash|0000000000000000000115e10afbd031008407512459ad6089b0e08e5f3532f3
1758766599.6822402|nextBlockETA|-4651.8355
1758766662.3609145|blockInterval|530.1645
1758766662.3609145|hashRate|1082611043219
1758766662.3609145|latestHash|0000000000000000000115e10afbd031008407512459ad6089b0e08e5f3532f3
1758766662.3609145|nextBlockETA|-4713.8355
1758766724.6048806|blockInterval|530.1645
1758766724.6048806|hashRate|1082611043219
1758766724.6048806|latestHash|0000000000000000000115e10afbd031008407512459ad6089b0e08e5f3532f3
1758766724.6048806|nextBlockETA|-4775.8355
1758766786.6595218|blockInterval|530.1645
1758766786.6595218|hashRate|1082611043219
1758766786.6595218|latestHash|0000000000000000000115e10afbd031008407512459ad6089b0e08e5f3532f3
1758766786.6595218|nextBlockETA|-4837.8355
1758766848.507658|blockInterval|530.1645
1758766848.507658|hashRate|1082611043219
1758766848.507658|latestHash|0000000000000000000115e10afbd031008407512459ad6089b0e08e5f3532f3
1758766848.507658|nextBlockETA|-4899.8355
1758766910.9712381|blockInterval|530.1645
1758766910.9712381|hashRate|1082611043219
1758766910.9712381|latestHash|0000000000000000000115e10afbd031008407512459ad6089b0e08e5f3532f3
1758766910.9712381|nextBlockETA|-4962.8355
1758766973.846123|blockInterval|530.1645
1758766973.846123|hashRate|1082611043219
1758766973.846123|latestHash|0000000000000000000115e10afbd031008407512459ad6089b0e08e5f3532f3
1758766973.846123|nextBlockETA|-5024.8355
1758767036.1053739|blockInterval|530.1645
1758767036.1053739|hashRate|1082611043219
1758767036.1053739|latestHash|0000000000000000000115e10afbd031008407512459ad6089b0e08e5f3532f3
1758767036.1053739|nextBlockETA|-5087.8355
1758767098.569129|blockInterval|530.1645
1758767098.569129|hashRate|1082611043219
1758767098.569129|latestHash|0000000000000000000115e10afbd031008407512459ad6089b0e08e5f3532f3
1758767098.569129|nextBlockETA|-5149.8355
1758767160.6251185|blockInterval|530.1645
1758767160.6251185|hashRate|1082611043219
1758767160.6251185|latestHash|0000000000000000000115e10afbd031008407512459ad6089b0e08e5f3532f3
1758767160.6251185|nextBlockETA|-5211.8355
1758767223.094523|blockInterval|530.1645
1758767223.094523|hashRate|1082611043219
1758767223.094523|latestHash|0000000000000000000115e10afbd031008407512459ad6089b0e08e5f3532f3
1758767223.094523|nextBlockETA|-5274.8355
1758767285.5607252|blockInterval|527.0861
1758767285.5607252|hashRate|1075535154048
1758767285.5607252|latestHash|0000000000000000000115e10afbd031008407512459ad6089b0e08e5f3532f3
1758767285.5607252|nextBlockETA|-5339.9139
1758767347.6118832|blockInterval|527.0861
1758767347.6118832|hashRate|1075535154048
1758767347.6118832|latestHash|0000000000000000000115e10afbd031008407512459ad6089b0e08e5f3532f3
1758767347.6118832|nextBlockETA|-5401.9139
1758767409.6683018|blockInterval|527.0861
1758767409.6683018|hashRate|1075535154048
1758767409.6683018|latestHash|0000000000000000000115e10afbd031008407512459ad6089b0e08e5f3532f3
1758767409.6683018|nextBlockETA|-5463.9139
1758767472.1332593|blockInterval|527.0861
1758767472.1332593|hashRate|1075535154048
1758767472.1332593|latestHash|0000000000000000000115e10afbd031008407512459ad6089b0e08e5f3532f3
1758767472.1332593|nextBlockETA|-5526.9139
1758767534.395235|blockInterval|527.0861
1758767534.395235|hashRate|1075535154048
1758767534.395235|latestHash|0000000000000000000115e10afbd031008407512459ad6089b0e08e5f3532f3
1758767534.395235|nextBlockETA|-5588.9139
1758767596.4509745|blockInterval|527.0861
1758767596.4509745|hashRate|1075535154048
1758767596.4509745|latestHash|0000000000000000000115e10afbd031008407512459ad6089b0e08e5f3532f3
1758767596.4509745|nextBlockETA|-5650.9139
1758767658.7124243|blockInterval|527.0861
1758767658.7124243|hashRate|1075535154048
1758767658.7124243|latestHash|0000000000000000000115e10afbd031008407512459ad6089b0e08e5f3532f3
1758767658.7124243|nextBlockETA|-5713.9139
1758767721.383566|blockInterval|527.0861
1758767721.383566|hashRate|1075535154048
1758767721.383566|latestHash|0000000000000000000115e10afbd031008407512459ad6089b0e08e5f3532f3
1758767721.383566|nextBlockETA|-5775.9139
1758767783.4402392|blockInterval|527.0861
1758767783.4402392|hashRate|1075535154048
1758767783.4402392|latestHash|0000000000000000000115e10afbd031008407512459ad6089b0e08e5f3532f3
1758767783.4402392|nextBlockETA|-5837.9139
1758767845.7018645|blockInterval|527.0861
1758767845.7018645|hashRate|1075535154048
1758767845.7018645|latestHash|0000000000000000000115e10afbd031008407512459ad6089b0e08e5f3532f3
1758767845.7018645|nextBlockETA|-5899.9139
1758767907.7583528|blockInterval|527.0861
1758767907.7583528|hashRate|1075535154048
1758767907.7583528|latestHash|00000000000000000001945c605e979023ca1965b99f530828670071f0419017
1758767907.7583528|nextBlockETA|-5961.9139
1758767970.019034|blockInterval|527.0861
1758767970.019034|hashRate|1075535154048
1758767970.019034|latestHash|00000000000000000001945c605e979023ca1965b99f530828670071f0419017
1758767970.019034|nextBlockETA|-6023.9139
1758768031.870492|blockInterval|527.0861
1758768031.870492|hashRate|1075535154048
1758768031.870492|latestHash|00000000000000000001945c605e979023ca1965b99f530828670071f0419017
1758768031.870492|nextBlockETA|-6085.9139
1758768094.1344512|blockInterval|527.0861
1758768094.1344512|hashRate|1075535154048
1758768094.1344512|latestHash|00000000000000000001945c605e979023ca1965b99f530828670071f0419017
1758768094.1344512|nextBlockETA|-6148.9139
1758768156.3032477|blockInterval|527.0861
1758768156.3032477|hashRate|1075535154048
1758768156.3032477|latestHash|00000000000000000001945c605e979023ca1965b99f530828670071f0419017
1758768156.3032477|nextBlockETA|-6210.9139
1758768218.6565819|blockInterval|527.0861
1758768218.6565819|hashRate|1075535154048
1758768218.6565819|latestHash|00000000000000000001945c605e979023ca1965b99f530828670071f0419017
1758768218.6565819|nextBlockETA|-6272.9139
1758768280.9180927|blockInterval|526.7333
1758768280.9180927|hashRate|1068459264877
1758768280.9180927|latestHash|00000000000000000001945c605e979023ca1965b99f530828670071f0419017
1758768280.9180927|nextBlockETA|-6335.2667
1758768342.9748838|blockInterval|526.7333
1758768342.9748838|hashRate|1068459264877
1758768342.9748838|latestHash|00000000000000000001945c605e979023ca1965b99f530828670071f0419017
1758768342.9748838|nextBlockETA|-6398.2667
1758768405.236111|blockInterval|526.7333
1758768405.236111|hashRate|1068459264877
1758768405.236111|latestHash|00000000000000000001945c605e979023ca1965b99f530828670071f0419017
1758768405.236111|nextBlockETA|-6460.2667
1758768467.4996543|blockInterval|526.7333
1758768467.4996543|hashRate|1068459264877
1758768467.4996543|latestHash|00000000000000000001945c605e979023ca1965b99f530828670071f0419017
1758768467.4996543|nextBlockETA|-6522.2667
1758768530.170499|blockInterval|526.7333
1758768530.170499|hashRate|1068459264877
1758768530.170499|latestHash|00000000000000000001945c605e979023ca1965b99f530828670071f0419017
1758768530.170499|nextBlockETA|-6585.2667
1758768592.4335444|blockInterval|526.7333
1758768592.4335444|hashRate|1068459264877
1758768592.4335444|latestHash|00000000000000000001945c605e979023ca1965b99f530828670071f0419017
1758768592.4335444|nextBlockETA|-6647.2667
1758768654.4829547|blockInterval|526.7333
1758768654.4829547|hashRate|1068459264877
1758768654.4829547|latestHash|00000000000000000001945c605e979023ca1965b99f530828670071f0419017
1758768654.4829547|nextBlockETA|-6709.2667
1758768717.143268|blockInterval|526.7333
1758768717.143268|hashRate|1068459264877
1758768717.143268|latestHash|00000000000000000001945c605e979023ca1965b99f530828670071f0419017
1758768717.143268|nextBlockETA|-6772.2667
1758768779.1914914|blockInterval|526.7333
1758768779.1914914|hashRate|1068459264877
1758768779.1914914|latestHash|00000000000000000001945c605e979023ca1965b99f530828670071f0419017
1758768779.1914914|nextBlockETA|-6834.2667
1758768841.4452665|blockInterval|529.8658
1758768841.4452665|hashRate|1061383375705
1758768841.4452665|latestHash|00000000000000000001945c605e979023ca1965b99f530828670071f0419017
1758768841.4452665|nextBlockETA|-6894.1342
1758768904.522419|blockInterval|529.8581
1758768904.522419|hashRate|1054307486534
1758768904.522419|latestHash|00000000000000000001945c605e979023ca1965b99f530828670071f0419017
1758768904.522419|nextBlockETA|-6956.1419
1758768966.573763|blockInterval|529.8581
1758768966.573763|hashRate|1054307486534
1758768966.573763|latestHash|00000000000000000001945c605e979023ca1965b99f530828670071f0419017
1758768966.573763|nextBlockETA|-7018.1419
1758769029.2343533|blockInterval|529.8581
1758769029.2343533|hashRate|1054307486534
1758769029.2343533|latestHash|00000000000000000001945c605e979023ca1965b99f530828670071f0419017
1758769029.2343533|nextBlockETA|-7081.1419
1758769091.6956482|blockInterval|529.8581
1758769091.6956482|hashRate|1054307486534
1758769091.6956482|latestHash|00000000000000000001945c605e979023ca1965b99f530828670071f0419017
1758769091.6956482|nextBlockETA|-7143.1419
1758769154.1571066|blockInterval|529.8581
1758769154.1571066|hashRate|1054307486534
1758769154.1571066|latestHash|00000000000000000001945c605e979023ca1965b99f530828670071f0419017
1758769154.1571066|nextBlockETA|-7206.1419
1758769216.8243675|blockInterval|529.8581
1758769216.8243675|hashRate|1054307486534
1758769216.8243675|latestHash|00000000000000000001945c605e979023ca1965b99f530828670071f0419017
1758769216.8243675|nextBlockETA|-7268.1419
1758769278.9809616|blockInterval|529.8581
1758769278.9809616|hashRate|1054307486534
1758769278.9809616|latestHash|00000000000000000001945c605e979023ca1965b99f530828670071f0419017
1758769278.9809616|nextBlockETA|-7330.1419
1758769340.9283938|blockInterval|529.8581
1758769340.9283938|hashRate|1054307486534
1758769340.9283938|latestHash|00000000000000000001945c605e979023ca1965b99f530828670071f0419017
1758769340.9283938|nextBlockETA|-7393.1419
1758769403.596603|blockInterval|532.9796
1758769403.596603|hashRate|1054307486534
1758769403.596603|latestHash|00000000000000000001945c605e979023ca1965b99f530828670071f0419017
1758769403.596603|nextBlockETA|-7452.0204
1758769465.8564432|blockInterval|532.9796
1758769465.8564432|hashRate|1047231597362
1758769465.8564432|latestHash|00000000000000000001945c605e979023ca1965b99f530828670071f0419017
1758769465.8564432|nextBlockETA|-7515.0204
1758769528.52434|blockInterval|536.1986
1758769528.52434|hashRate|1040155708191
1758769528.52434|latestHash|00000000000000000001945c605e979023ca1965b99f530828670071f0419017
1758769528.52434|nextBlockETA|-7574.8014
1758769591.193562|blockInterval|539.4276
1758769591.193562|hashRate|1033079819020
1758769591.193562|latestHash|00000000000000000001945c605e979023ca1965b99f530828670071f0419017
1758769591.193562|nextBlockETA|-7633.5724
1758769653.4519315|blockInterval|542.2361
1758769653.4519315|hashRate|1026003929848
1758769653.4519315|latestHash|00000000000000000001945c605e979023ca1965b99f530828670071f0419017
1758769653.4519315|nextBlockETA|-7692.7639
1758769715.7135515|blockInterval|542.2361
1758769715.7135515|hashRate|1026003929848
1758769715.7135515|latestHash|00000000000000000001945c605e979023ca1965b99f530828670071f0419017
1758769715.7135515|nextBlockETA|-7755.7639
1758769778.1750867|blockInterval|541.1888
1758769778.1750867|hashRate|1018928040677
1758769778.1750867|latestHash|00000000000000000001945c605e979023ca1965b99f530828670071f0419017
1758769778.1750867|nextBlockETA|-7818.8112
1758769840.2326522|blockInterval|541.1888
1758769840.2326522|hashRate|1018928040677
1758769840.2326522|latestHash|00000000000000000001945c605e979023ca1965b99f530828670071f0419017
1758769840.2326522|nextBlockETA|-7880.8112
1758769902.4914439|blockInterval|541.1888
1758769902.4914439|hashRate|1018928040677
1758769902.4914439|latestHash|00000000000000000001945c605e979023ca1965b99f530828670071f0419017
1758769902.4914439|nextBlockETA|-7942.8112
1758769964.3435585|blockInterval|541.1888
1758769964.3435585|hashRate|1018928040677
1758769964.3435585|latestHash|00000000000000000001945c605e979023ca1965b99f530828670071f0419017
1758769964.3435585|nextBlockETA|-8004.8112
1758770027.0135233|blockInterval|541.1888
1758770027.0135233|hashRate|1018928040677
1758770027.0135233|latestHash|000000000000000000010150805caf9693eea9aed7bea254d1513f3bc7436ea7
1758770027.0135233|nextBlockETA|-8067.8112
1758770089.6800754|blockInterval|541.1888
1758770089.6800754|hashRate|1018928040677
1758770089.6800754|latestHash|000000000000000000010150805caf9693eea9aed7bea254d1513f3bc7436ea7
1758770089.6800754|nextBlockETA|-8129.8112
1758770151.9398375|blockInterval|541.1888
1758770151.9398375|hashRate|1018928040677
1758770151.9398375|latestHash|000000000000000000010150805caf9693eea9aed7bea254d1513f3bc7436ea7
1758770151.9398375|nextBlockETA|-8191.8112
1758770213.893739|blockInterval|541.1888
1758770213.893739|hashRate|1018928040677
1758770213.893739|latestHash|00000000000000000001c7b489553b870cad43a57313166ae79384436ae246b8
1758770213.893739|nextBlockETA|-8260.8112
1758770282.4236195|blockInterval|541.1888
1758770282.4236195|hashRate|1018928040677
1758770282.4236195|latestHash|00000000000000000001c7b489553b870cad43a57313166ae79384436ae246b8
1758770282.4236195|nextBlockETA|-8322.8112
1758770344.875356|blockInterval|541.1888
1758770344.875356|hashRate|1018928040677
1758770344.875356|latestHash|00000000000000000001c7b489553b870cad43a57313166ae79384436ae246b8
1758770344.875356|nextBlockETA|-8384.8112
1758770407.1296453|blockInterval|541.1888
1758770407.1296453|hashRate|1018928040677
1758770407.1296453|latestHash|000000000000000000018d9dbf01c5f344170426db45506c98979a7c5faa0393
1758770407.1296453|nextBlockETA|-8447.8112
1758770469.3851635|blockInterval|546.6
1758770469.3851635|hashRate|1018928040677
1758770469.3851635|latestHash|000000000000000000018d9dbf01c5f344170426db45506c98979a7c5faa0393
1758770469.3851635|nextBlockETA|-8503.4
1758770531.1336524|blockInterval|546.6
1758770531.1336524|hashRate|997700373163
1758770531.1336524|latestHash|000000000000000000018d9dbf01c5f344170426db45506c98979a7c5faa0393
1758770531.1336524|nextBlockETA|-8566.4
1758770593.7020214|blockInterval|546.6
1758770593.7020214|hashRate|997700373163
1758770593.7020214|latestHash|000000000000000000018d9dbf01c5f344170426db45506c98979a7c5faa0393
1758770593.7020214|nextBlockETA|-8628.4
1758770655.86244|blockInterval|546.6
1758770655.86244|hashRate|997700373163
1758770655.86244|latestHash|000000000000000000018d9dbf01c5f344170426db45506c98979a7c5faa0393
1758770655.86244|nextBlockETA|-8691.4
1758770718.2182462|blockInterval|546.6
1758770718.2182462|hashRate|997700373163
1758770718.2182462|latestHash|000000000000000000018d9dbf01c5f344170426db45506c98979a7c5faa0393
1758770718.2182462|nextBlockETA|-8753.4
1758770780.9872286|blockInterval|552.1517
1758770780.9872286|hashRate|1033079819020
1758770780.9872286|latestHash|000000000000000000018d9dbf01c5f344170426db45506c98979a7c5faa0393
1758770780.9872286|nextBlockETA|-8810.8483
1758770843.33757|blockInterval|552.1517
1758770843.33757|hashRate|1033079819020
1758770843.33757|latestHash|000000000000000000018d9dbf01c5f344170426db45506c98979a7c5faa0393
1758770843.33757|nextBlockETA|-5334.8483
1758770905.8007817|blockInterval|552.1517
1758770905.8007817|hashRate|1033079819020
1758770905.8007817|latestHash|000000000000000000018d9dbf01c5f344170426db45506c98979a7c5faa0393
1758770905.8007817|nextBlockETA|-5396.8483
1758770968.05445|blockInterval|552.1517
1758770968.05445|hashRate|1033079819020
1758770968.05445|latestHash|00000000000000000000cee731cb6db091821c71c7e3acb035eee65cff0a1fe1
1758770968.05445|nextBlockETA|-5459.8483
1758771030.3096707|blockInterval|552.1517
1758771030.3096707|hashRate|1033079819020
1758771030.3096707|latestHash|00000000000000000000cee731cb6db091821c71c7e3acb035eee65cff0a1fe1
1758771030.3096707|nextBlockETA|-5521.8483
1758771092.3609612|blockInterval|552.1517
1758771092.3609612|hashRate|1033079819020
1758771092.3609612|latestHash|00000000000000000000cee731cb6db091821c71c7e3acb035eee65cff0a1fe1
1758771092.3609612|nextBlockETA|-5583.8483
1758771154.4123936|blockInterval|552.1517
1758771154.4123936|hashRate|1033079819020
1758771154.4123936|latestHash|00000000000000000000cee731cb6db091821c71c7e3acb035eee65cff0a1fe1
1758771154.4123936|nextBlockETA|-5645.8483
1758771216.8758578|blockInterval|552.1517
1758771216.8758578|hashRate|1033079819020
1758771216.8758578|latestHash|00000000000000000000cee731cb6db091821c71c7e3acb035eee65cff0a1fe1
1758771216.8758578|nextBlockETA|-5707.8483
1758771278.928932|blockInterval|552.1517
1758771278.928932|hashRate|1033079819020
1758771278.928932|latestHash|00000000000000000000cee731cb6db091821c71c7e3acb035eee65cff0a1fe1
1758771278.928932|nextBlockETA|-5770.8483
1758771341.3897545|blockInterval|552.4028
1758771341.3897545|hashRate|1026003929848
1758771341.3897545|latestHash|00000000000000000000cee731cb6db091821c71c7e3acb035eee65cff0a1fe1
1758771341.3897545|nextBlockETA|-5831.5972
1758771402.931545|blockInterval|552.4028
1758771402.931545|hashRate|1026003929848
1758771402.931545|latestHash|00000000000000000000cee731cb6db091821c71c7e3acb035eee65cff0a1fe1
1758771402.931545|nextBlockETA|-5894.5972
1758771465.2923284|blockInterval|552.4028
1758771465.2923284|hashRate|1026003929848
1758771465.2923284|latestHash|00000000000000000000cee731cb6db091821c71c7e3acb035eee65cff0a1fe1
1758771465.2923284|nextBlockETA|-5956.5972
1758771527.551105|blockInterval|552.4028
1758771527.551105|hashRate|1026003929848
1758771527.551105|latestHash|00000000000000000000cee731cb6db091821c71c7e3acb035eee65cff0a1fe1
1758771527.551105|nextBlockETA|-6018.5972
1758771590.0144236|blockInterval|552.4028
1758771590.0144236|hashRate|1026003929848
1758771590.0144236|latestHash|00000000000000000000cee731cb6db091821c71c7e3acb035eee65cff0a1fe1
1758771590.0144236|nextBlockETA|-6081.5972
1758771652.2723634|blockInterval|552.4028
1758771652.2723634|hashRate|1026003929848
1758771652.2723634|latestHash|00000000000000000000cee731cb6db091821c71c7e3acb035eee65cff0a1fe1
1758771652.2723634|nextBlockETA|-6143.5972
1758771714.7353237|blockInterval|552.4028
1758771714.7353237|hashRate|1026003929848
1758771714.7353237|latestHash|00000000000000000000cee731cb6db091821c71c7e3acb035eee65cff0a1fe1
1758771714.7353237|nextBlockETA|-6205.5972
1758771776.790116|blockInterval|552.4028
1758771776.790116|hashRate|1026003929848
1758771776.790116|latestHash|00000000000000000000cee731cb6db091821c71c7e3acb035eee65cff0a1fe1
1758771776.790116|nextBlockETA|-6268.5972
1758771839.2541559|blockInterval|546.8601
1758771839.2541559|hashRate|1018928040677
1758771839.2541559|latestHash|00000000000000000000cee731cb6db091821c71c7e3acb035eee65cff0a1fe1
1758771839.2541559|nextBlockETA|-6336.1399
1758771901.5137415|blockInterval|546.8601
1758771901.5137415|hashRate|1018928040677
1758771901.5137415|latestHash|00000000000000000000cee731cb6db091821c71c7e3acb035eee65cff0a1fe1
1758771901.5137415|nextBlockETA|-6398.1399
1758771963.5685234|blockInterval|546.8601
1758771963.5685234|hashRate|1018928040677
1758771963.5685234|latestHash|00000000000000000000cee731cb6db091821c71c7e3acb035eee65cff0a1fe1
1758771963.5685234|nextBlockETA|-6460.1399
1758772026.0313628|blockInterval|546.8601
1758772026.0313628|hashRate|1018928040677
1758772026.0313628|latestHash|00000000000000000000cee731cb6db091821c71c7e3acb035eee65cff0a1fe1
1758772026.0313628|nextBlockETA|-6522.1399
1758772087.8865185|blockInterval|546.8601
1758772087.8865185|hashRate|1018928040677
1758772087.8865185|latestHash|00000000000000000000cee731cb6db091821c71c7e3acb035eee65cff0a1fe1
1758772087.8865185|nextBlockETA|-6584.1399
1758772149.9360852|blockInterval|546.8601
1758772149.9360852|hashRate|1018928040677
1758772149.9360852|latestHash|00000000000000000000cee731cb6db091821c71c7e3acb035eee65cff0a1fe1
1758772149.9360852|nextBlockETA|-6647.1399
1758772212.4001532|blockInterval|546.8601
1758772212.4001532|hashRate|1018928040677
1758772212.4001532|latestHash|00000000000000000000cee731cb6db091821c71c7e3acb035eee65cff0a1fe1
1758772212.4001532|nextBlockETA|-6709.1399
1758772274.4536393|blockInterval|546.8601
1758772274.4536393|hashRate|1018928040677
1758772274.4536393|latestHash|00000000000000000000cee731cb6db091821c71c7e3acb035eee65cff0a1fe1
1758772274.4536393|nextBlockETA|-6771.1399
1758772336.7125514|blockInterval|546.8601
1758772336.7125514|hashRate|1018928040677
1758772336.7125514|latestHash|00000000000000000000cee731cb6db091821c71c7e3acb035eee65cff0a1fe1
1758772336.7125514|nextBlockETA|-6834.1399
1758772399.1788924|blockInterval|546.8601
1758772399.1788924|hashRate|1018928040677
1758772399.1788924|latestHash|00000000000000000000cee731cb6db091821c71c7e3acb035eee65cff0a1fe1
1758772399.1788924|nextBlockETA|-6896.1399
1758772461.5507727|blockInterval|563.1875
1758772461.5507727|hashRate|1026003929848
1758772461.5507727|latestHash|00000000000000000000cee731cb6db091821c71c7e3acb035eee65cff0a1fe1
1758772461.5507727|nextBlockETA|-6941.8125
1758772523.9028485|blockInterval|563.1875
1758772523.9028485|hashRate|1026003929848
1758772523.9028485|latestHash|00000000000000000000cee731cb6db091821c71c7e3acb035eee65cff0a1fe1
1758772523.9028485|nextBlockETA|-4105.8125
1758772585.9574761|blockInterval|563.1875
1758772585.9574761|hashRate|1026003929848
1758772585.9574761|latestHash|000000000000000000016efd6d6580b434a387a326bd72a5b93a9cbc02dbf6b4
1758772585.9574761|nextBlockETA|-4167.8125
1758772647.8092191|blockInterval|563.1875
1758772647.8092191|hashRate|1026003929848
1758772647.8092191|latestHash|000000000000000000016efd6d6580b434a387a326bd72a5b93a9cbc02dbf6b4
1758772647.8092191|nextBlockETA|-4230.8125
1758772710.2727375|blockInterval|563.1875
1758772710.2727375|hashRate|1026003929848
1758772710.2727375|latestHash|000000000000000000017c5d791279ca88b335ec68092dd17aabe3beb82721d0
1758772710.2727375|nextBlockETA|-4291.8125
1758772772.1192567|blockInterval|563.1875
1758772772.1192567|hashRate|1026003929848
1758772772.1192567|latestHash|000000000000000000017c5d791279ca88b335ec68092dd17aabe3beb82721d0
1758772772.1192567|nextBlockETA|-4354.8125
1758772834.5813954|blockInterval|563.1875
1758772834.5813954|hashRate|1026003929848
1758772834.5813954|latestHash|000000000000000000017c5d791279ca88b335ec68092dd17aabe3beb82721d0
1758772834.5813954|nextBlockETA|-4416.8125
1758772896.635496|blockInterval|563.1875
1758772896.635496|hashRate|1026003929848
1758772896.635496|latestHash|000000000000000000017c5d791279ca88b335ec68092dd17aabe3beb82721d0
1758772896.635496|nextBlockETA|-4478.8125
1758772958.894283|blockInterval|563.1875
1758772958.894283|hashRate|1026003929848
1758772958.894283|latestHash|000000000000000000017c5d791279ca88b335ec68092dd17aabe3beb82721d0
1758772958.894283|nextBlockETA|-4541.8125
1758773021.3564422|blockInterval|563.1875
1758773021.3564422|hashRate|1026003929848
1758773021.3564422|latestHash|000000000000000000017c5d791279ca88b335ec68092dd17aabe3beb82721d0
1758773021.3564422|nextBlockETA|-4603.8125
1758773083.613593|blockInterval|563.1875
1758773083.613593|hashRate|1026003929848
1758773083.613593|latestHash|000000000000000000017c5d791279ca88b335ec68092dd17aabe3beb82721d0
1758773083.613593|nextBlockETA|-4665.8125
1758773145.874047|blockInterval|563.1875
1758773145.874047|hashRate|1026003929848
1758773145.874047|latestHash|0000000000000000000003bd62741819a20c7891b91ac54e8264eb34d447c83b
1758773145.874047|nextBlockETA|-4728.8125
1758773208.1324246|blockInterval|558.6993
1758773208.1324246|hashRate|1018928040677
1758773208.1324246|latestHash|0000000000000000000003bd62741819a20c7891b91ac54e8264eb34d447c83b
1758773208.1324246|nextBlockETA|-4795.3007
1758773270.3900108|blockInterval|558.6993
1758773270.3900108|hashRate|1018928040677
1758773270.3900108|latestHash|0000000000000000000003bd62741819a20c7891b91ac54e8264eb34d447c83b
1758773270.3900108|nextBlockETA|-4857.3007
1758773332.4449735|blockInterval|558.6993
1758773332.4449735|hashRate|1018928040677
1758773332.4449735|latestHash|0000000000000000000003bd62741819a20c7891b91ac54e8264eb34d447c83b
1758773332.4449735|nextBlockETA|-4919.3007
1758773394.6006618|blockInterval|558.6993
1758773394.6006618|hashRate|1018928040677
1758773394.6006618|latestHash|000000000000000000015b5edb7b31ac384d380962b02a80506e4ec47c856136
1758773394.6006618|nextBlockETA|-4982.3007
1758773457.1673436|blockInterval|558.6993
1758773457.1673436|hashRate|1018928040677
1758773457.1673436|latestHash|000000000000000000015b5edb7b31ac384d380962b02a80506e4ec47c856136
1758773457.1673436|nextBlockETA|-5044.3007
1758773519.221258|blockInterval|558.6993
1758773519.221258|hashRate|1018928040677
1758773519.221258|latestHash|000000000000000000015b5edb7b31ac384d380962b02a80506e4ec47c856136
1758773519.221258|nextBlockETA|-5106.3007
1758773581.480274|blockInterval|558.6993
1758773581.480274|hashRate|1018928040677
1758773581.480274|latestHash|000000000000000000015b5edb7b31ac384d380962b02a80506e4ec47c856136
1758773581.480274|nextBlockETA|-5168.3007
1758773643.8652585|blockInterval|558.6993
1758773643.8652585|hashRate|1018928040677
1758773643.8652585|latestHash|000000000000000000015b5edb7b31ac384d380962b02a80506e4ec47c856136
1758773643.8652585|nextBlockETA|-5230.3007
1758773705.999595|blockInterval|558.6993
1758773705.999595|hashRate|1018928040677
1758773705.999595|latestHash|000000000000000000015b5edb7b31ac384d380962b02a80506e4ec47c856136
1758773705.999595|nextBlockETA|-5293.3007
1758773768.2611203|blockInterval|558.6993
1758773768.2611203|hashRate|1018928040677
1758773768.2611203|latestHash|000000000000000000015b5edb7b31ac384d380962b02a80506e4ec47c856136
1758773768.2611203|nextBlockETA|-5355.3007
1758773830.7230368|blockInterval|558.6993
1758773830.7230368|hashRate|1018928040677
1758773830.7230368|latestHash|000000000000000000015b5edb7b31ac384d380962b02a80506e4ec47c856136
1758773830.7230368|nextBlockETA|-5417.3007
1758773892.9812896|blockInterval|558.6993
1758773892.9812896|hashRate|1018928040677
1758773892.9812896|latestHash|000000000000000000015b5edb7b31ac384d380962b02a80506e4ec47c856136
1758773892.9812896|nextBlockETA|-5480.3007
1758773955.2412643|blockInterval|558.6993
1758773955.2412643|hashRate|1018928040677
1758773955.2412643|latestHash|000000000000000000015b5edb7b31ac384d380962b02a80506e4ec47c856136
1758773955.2412643|nextBlockETA|-5542.3007
1758774017.4998972|blockInterval|558.6993
1758774017.4998972|hashRate|1018928040677
1758774017.4998972|latestHash|000000000000000000015b5edb7b31ac384d380962b02a80506e4ec47c856136
1758774017.4998972|nextBlockETA|-5604.3007
1758774079.5560465|blockInterval|558.6993
1758774079.5560465|hashRate|1018928040677
1758774079.5560465|latestHash|000000000000000000015b5edb7b31ac384d380962b02a80506e4ec47c856136
1758774079.5560465|nextBlockETA|-5666.3007
1758774141.6102405|blockInterval|558.6993
1758774141.6102405|hashRate|1018928040677
1758774141.6102405|latestHash|000000000000000000015b5edb7b31ac384d380962b02a80506e4ec47c856136
1758774141.6102405|nextBlockETA|-5728.3007
1758774203.868994|blockInterval|558.6993
1758774203.868994|hashRate|1018928040677
1758774203.868994|latestHash|000000000000000000015b5edb7b31ac384d380962b02a80506e4ec47c856136
1758774203.868994|nextBlockETA|-5792.3007
1758774267.562752|blockInterval|558.6993
1758774267.562752|hashRate|1018928040677
1758774267.562752|latestHash|000000000000000000015b5edb7b31ac384d380962b02a80506e4ec47c856136
1758774267.562752|nextBlockETA|-5854.3007
1758774330.0258281|blockInterval|558.6993
1758774330.0258281|hashRate|1018928040677
1758774330.0258281|latestHash|000000000000000000015b5edb7b31ac384d380962b02a80506e4ec47c856136
1758774330.0258281|nextBlockETA|-5917.3007
1758774392.2863948|blockInterval|561.4648
1758774392.2863948|hashRate|1018928040677
1758774392.2863948|latestHash|0000000000000000000117deb93607f0e40fd4d6a120145283c285ab134dd6d9
1758774392.2863948|nextBlockETA|-5976.5352
1758774454.3414912|blockInterval|561.4648
1758774454.3414912|hashRate|1011852151506
1758774454.3414912|latestHash|0000000000000000000117deb93607f0e40fd4d6a120145283c285ab134dd6d9
1758774454.3414912|nextBlockETA|-6039.5352
1758774517.733552|blockInterval|561.4648
1758774517.733552|hashRate|1011852151506
1758774517.733552|latestHash|0000000000000000000117deb93607f0e40fd4d6a120145283c285ab134dd6d9
1758774517.733552|nextBlockETA|-6101.5352
1758774579.6789634|blockInterval|561.0
1758774579.6789634|hashRate|1004776262334
1758774579.6789634|latestHash|00000000000000000000f058b3ba24542242c70f379a9f92c96738a1cc285c94
1758774579.6789634|nextBlockETA|-6165.0
1758774642.143004|blockInterval|561.0
1758774642.143004|hashRate|1004776262334
1758774642.143004|latestHash|00000000000000000000f058b3ba24542242c70f379a9f92c96738a1cc285c94
1758774642.143004|nextBlockETA|-6227.0
1758774704.198497|blockInterval|561.0
1758774704.198497|hashRate|1004776262334
1758774704.198497|latestHash|00000000000000000000f058b3ba24542242c70f379a9f92c96738a1cc285c94
1758774704.198497|nextBlockETA|-6289.0
1758774766.254139|blockInterval|561.0
1758774766.254139|hashRate|1004776262334
1758774766.254139|latestHash|00000000000000000000f058b3ba24542242c70f379a9f92c96738a1cc285c94
1758774766.254139|nextBlockETA|-6351.0
1758774828.2135682|blockInterval|561.0
1758774828.2135682|hashRate|1004776262334
1758774828.2135682|latestHash|00000000000000000000f058b3ba24542242c70f379a9f92c96738a1cc285c94
1758774828.2135682|nextBlockETA|-6413.0
1758774891.0891142|blockInterval|561.0
1758774891.0891142|hashRate|1004776262334
1758774891.0891142|latestHash|00000000000000000000f058b3ba24542242c70f379a9f92c96738a1cc285c94
1758774891.0891142|nextBlockETA|-6476.0
1758774953.397873|blockInterval|561.0
1758774953.397873|hashRate|1004776262334
1758774953.397873|latestHash|00000000000000000000f058b3ba24542242c70f379a9f92c96738a1cc285c94
1758774953.397873|nextBlockETA|-6538.0
1758775015.1979132|blockInterval|561.0
1758775015.1979132|hashRate|1004776262334
1758775015.1979132|latestHash|000000000000000000012e184ffaaa701f85bb5a51e55d7dac98dba013a8e701
1758775015.1979132|nextBlockETA|-6600.0
1758775077.7663252|blockInterval|561.0
1758775077.7663252|hashRate|1004776262334
1758775077.7663252|latestHash|000000000000000000012e184ffaaa701f85bb5a51e55d7dac98dba013a8e701
1758775077.7663252|nextBlockETA|-6662.0
1758775139.8225534|blockInterval|561.0
1758775139.8225534|hashRate|1004776262334
1758775139.8225534|latestHash|000000000000000000012e184ffaaa701f85bb5a51e55d7dac98dba013a8e701
1758775139.8225534|nextBlockETA|-6724.0
1758775201.8858702|blockInterval|563.8929
1758775201.8858702|hashRate|997700373163
1758775201.8858702|latestHash|000000000000000000010aa5aa07630a9f7e1c3ffab8e7db741773468a03a9c0
1758775201.8858702|nextBlockETA|-6784.1071
1758775264.1404655|blockInterval|563.8929
1758775264.1404655|hashRate|997700373163
1758775264.1404655|latestHash|000000000000000000010aa5aa07630a9f7e1c3ffab8e7db741773468a03a9c0
1758775264.1404655|nextBlockETA|-6846.1071
1758775326.4000282|blockInterval|564.9712
1758775326.4000282|hashRate|990624483991
1758775326.4000282|latestHash|000000000000000000010aa5aa07630a9f7e1c3ffab8e7db741773468a03a9c0
1758775326.4000282|nextBlockETA|-6907.0288
1758775388.2508767|blockInterval|564.9712
1758775388.2508767|hashRate|990624483991
1758775388.2508767|latestHash|000000000000000000010aa5aa07630a9f7e1c3ffab8e7db741773468a03a9c0
1758775388.2508767|nextBlockETA|-6969.0288
1758775450.3080688|blockInterval|564.9712
1758775450.3080688|hashRate|990624483991
1758775450.3080688|latestHash|00000000000000000000a6def556b46967a56affff5d7fd6c436cbb439d54810
1758775450.3080688|nextBlockETA|-7031.0288
1758775512.567663|blockInterval|564.9712
1758775512.567663|hashRate|990624483991
1758775512.567663|latestHash|00000000000000000000a6def556b46967a56affff5d7fd6c436cbb439d54810
1758775512.567663|nextBlockETA|-7093.0288
1758775574.2149572|blockInterval|564.9712
1758775574.2149572|hashRate|990624483991
1758775574.2149572|latestHash|00000000000000000000a6def556b46967a56affff5d7fd6c436cbb439d54810
1758775574.2149572|nextBlockETA|-7155.0288
1758775636.4738286|blockInterval|564.9712
1758775636.4738286|hashRate|990624483991
1758775636.4738286|latestHash|00000000000000000000a6def556b46967a56affff5d7fd6c436cbb439d54810
1758775636.4738286|nextBlockETA|-7217.0288
1758775698.4312363|blockInterval|564.9712
1758775698.4312363|hashRate|990624483991
1758775698.4312363|latestHash|00000000000000000000a6def556b46967a56affff5d7fd6c436cbb439d54810
1758775698.4312363|nextBlockETA|-7279.0288
1758775760.7880838|blockInterval|565.8406
1758775760.7880838|hashRate|983548594820
1758775760.7880838|latestHash|00000000000000000000a6def556b46967a56affff5d7fd6c436cbb439d54810
1758775760.7880838|nextBlockETA|-7340.1594000000005
1758775823.047433|blockInterval|565.8406
1758775823.047433|hashRate|983548594820
1758775823.047433|latestHash|00000000000000000000a6def556b46967a56affff5d7fd6c436cbb439d54810
1758775823.047433|nextBlockETA|-7403.1594000000005
1758775885.2057748|blockInterval|565.8406
1758775885.2057748|hashRate|983548594820
1758775885.2057748|latestHash|00000000000000000000a6def556b46967a56affff5d7fd6c436cbb439d54810
1758775885.2057748|nextBlockETA|-7465.1594000000005
1758775947.6167965|blockInterval|565.8406
1758775947.6167965|hashRate|983548594820
1758775947.6167965|latestHash|00000000000000000000a6def556b46967a56affff5d7fd6c436cbb439d54810
1758775947.6167965|nextBlockETA|-7517.1736
1758776009.622557|blockInterval|575.8264
1758776009.622557|hashRate|1026003929848
1758776009.622557|latestHash|00000000000000000000a6def556b46967a56affff5d7fd6c436cbb439d54810
1758776009.622557|nextBlockETA|-2746.1736
1758776071.8837879|blockInterval|575.8264
1758776071.8837879|hashRate|1026003929848
1758776071.8837879|latestHash|00000000000000000000a6def556b46967a56affff5d7fd6c436cbb439d54810
1758776071.8837879|nextBlockETA|-2809.1736
1758776134.1423233|blockInterval|575.8264
1758776134.1423233|hashRate|1026003929848
1758776134.1423233|latestHash|0000000000000000000191145e96a02ee05b14671480ff79021dc36bfdc49a52
1758776134.1423233|nextBlockETA|-2871.1736
1758776196.1989207|blockInterval|569.5105
1758776196.1989207|hashRate|1018928040677
1758776196.1989207|latestHash|0000000000000000000191145e96a02ee05b14671480ff79021dc36bfdc49a52
1758776196.1989207|nextBlockETA|-2939.4895
1758776258.4602506|blockInterval|569.5105
1758776258.4602506|hashRate|1018928040677
1758776258.4602506|latestHash|0000000000000000000191145e96a02ee05b14671480ff79021dc36bfdc49a52
1758776258.4602506|nextBlockETA|-3001.4895
1758776320.925178|blockInterval|569.5105
1758776320.925178|hashRate|1018928040677
1758776320.925178|latestHash|0000000000000000000191145e96a02ee05b14671480ff79021dc36bfdc49a52
1758776320.925178|nextBlockETA|-3064.4895
1758776383.3876007|blockInterval|569.5105
1758776383.3876007|hashRate|1018928040677
1758776383.3876007|latestHash|0000000000000000000191145e96a02ee05b14671480ff79021dc36bfdc49a52
1758776383.3876007|nextBlockETA|-3126.4895
1758776445.2395642|blockInterval|569.5105
1758776445.2395642|hashRate|1018928040677
1758776445.2395642|latestHash|00000000000000000000f085207fd8573ff2c020a098abba662474058a04886d
1758776445.2395642|nextBlockETA|-3188.4895
1758776507.1914258|blockInterval|569.5105
1758776507.1914258|hashRate|1018928040677
1758776507.1914258|latestHash|00000000000000000000f085207fd8573ff2c020a098abba662474058a04886d
1758776507.1914258|nextBlockETA|-3250.4895
1758776569.5068266|blockInterval|569.5105
1758776569.5068266|hashRate|1018928040677
1758776569.5068266|latestHash|00000000000000000000f085207fd8573ff2c020a098abba662474058a04886d
1758776569.5068266|nextBlockETA|-3312.4895
1758776632.017545|blockInterval|569.5105
1758776632.017545|hashRate|1018928040677
1758776632.017545|latestHash|00000000000000000000f085207fd8573ff2c020a098abba662474058a04886d
1758776632.017545|nextBlockETA|-3375.4895
1758776694.4817393|blockInterval|569.5105
1758776694.4817393|hashRate|1018928040677
1758776694.4817393|latestHash|00000000000000000000f085207fd8573ff2c020a098abba662474058a04886d
1758776694.4817393|nextBlockETA|-3437.4895
1758776756.5389795|blockInterval|569.5105
1758776756.5389795|hashRate|1018928040677
1758776756.5389795|latestHash|00000000000000000000f085207fd8573ff2c020a098abba662474058a04886d
1758776756.5389795|nextBlockETA|-3499.4895
1758776818.6867337|blockInterval|569.5105
1758776818.6867337|hashRate|1018928040677
1758776818.6867337|latestHash|00000000000000000000f085207fd8573ff2c020a098abba662474058a04886d
1758776818.6867337|nextBlockETA|-3561.4895
1758776880.70083|blockInterval|569.5105
1758776880.70083|hashRate|1018928040677
1758776880.70083|latestHash|00000000000000000000f085207fd8573ff2c020a098abba662474058a04886d
1758776880.70083|nextBlockETA|-3623.4895
1758776943.1439881|blockInterval|569.5105
1758776943.1439881|hashRate|1018928040677
1758776943.1439881|latestHash|00000000000000000000f085207fd8573ff2c020a098abba662474058a04886d
1758776943.1439881|nextBlockETA|-3685.4895
1758777004.9571564|blockInterval|569.5105
1758777004.9571564|hashRate|1018928040677
1758777004.9571564|latestHash|00000000000000000000f085207fd8573ff2c020a098abba662474058a04886d
1758777004.9571564|nextBlockETA|-3748.4895
1758777067.3267636|blockInterval|569.5105
1758777067.3267636|hashRate|1018928040677
1758777067.3267636|latestHash|00000000000000000000f085207fd8573ff2c020a098abba662474058a04886d
1758777067.3267636|nextBlockETA|-3810.4895
1758777130.0938098|blockInterval|569.5105
1758777130.0938098|hashRate|1018928040677
1758777130.0938098|latestHash|00000000000000000000f085207fd8573ff2c020a098abba662474058a04886d
1758777130.0938098|nextBlockETA|-3872.4895
1758777191.9409351|blockInterval|569.5105
1758777191.9409351|hashRate|1018928040677
1758777191.9409351|latestHash|00000000000000000000f085207fd8573ff2c020a098abba662474058a04886d
1758777191.9409351|nextBlockETA|-3935.4895
1758777254.4055662|blockInterval|569.5105
1758777254.4055662|hashRate|1018928040677
1758777254.4055662|latestHash|00000000000000000000f085207fd8573ff2c020a098abba662474058a04886d
1758777254.4055662|nextBlockETA|-3997.4895
1758777316.86631|blockInterval|569.5105
1758777316.86631|hashRate|1018928040677
1758777316.86631|latestHash|00000000000000000000f085207fd8573ff2c020a098abba662474058a04886d
1758777316.86631|nextBlockETA|-4060.4895
1758777379.3285527|blockInterval|569.5105
1758777379.3285527|hashRate|1018928040677
1758777379.3285527|latestHash|00000000000000000000f085207fd8573ff2c020a098abba662474058a04886d
1758777379.3285527|nextBlockETA|-4122.4895
1758777441.2804675|blockInterval|569.5105
1758777441.2804675|hashRate|1018928040677
1758777441.2804675|latestHash|00000000000000000000f085207fd8573ff2c020a098abba662474058a04886d
1758777441.2804675|nextBlockETA|-4184.4895
1758777503.336113|blockInterval|569.5105
1758777503.336113|hashRate|1018928040677
1758777503.336113|latestHash|00000000000000000000f085207fd8573ff2c020a098abba662474058a04886d
1758777503.336113|nextBlockETA|-4246.4895
1758777565.9013596|blockInterval|569.5105
1758777565.9013596|hashRate|1018928040677
1758777565.9013596|latestHash|00000000000000000000f085207fd8573ff2c020a098abba662474058a04886d
1758777565.9013596|nextBlockETA|-4308.4895
1758779706.4396026|blockInterval|566.6357
1758779706.4396026|hashRate|997700373163
1758779706.4396026|latestHash|0000000000000000000063f66701078ff00ccba17a23ad70562c3434e3660bc3
1758779706.4396026|nextBlockETA|-6451.3643
1758779737.8940248|blockInterval|566.6357
1758779737.8940248|hashRate|997700373163
1758779737.8940248|latestHash|0000000000000000000063f66701078ff00ccba17a23ad70562c3434e3660bc3
1758779737.8940248|nextBlockETA|-6484.3643
1758779770.4569385|blockInterval|570.3022
1758779770.4569385|hashRate|997700373163
1758779770.4569385|latestHash|0000000000000000000063f66701078ff00ccba17a23ad70562c3434e3660bc3
1758779770.4569385|nextBlockETA|-6512.6978
1758779797.4869483|blockInterval|570.3022
1758779797.4869483|hashRate|990624483991
1758779797.4869483|latestHash|0000000000000000000063f66701078ff00ccba17a23ad70562c3434e3660bc3
1758779797.4869483|nextBlockETA|-6539.6978
1758779829.8493083|blockInterval|568.9855
1758779829.8493083|hashRate|983548594820
1758779829.8493083|latestHash|0000000000000000000063f66701078ff00ccba17a23ad70562c3434e3660bc3
1758779829.8493083|nextBlockETA|-6574.0145
1758779862.2043438|blockInterval|568.9855
1758779862.2043438|hashRate|983548594820
1758779862.2043438|latestHash|0000000000000000000063f66701078ff00ccba17a23ad70562c3434e3660bc3
1758779862.2043438|nextBlockETA|-6606.0145
1758779894.563537|blockInterval|568.9855
1758779894.563537|hashRate|983548594820
1758779894.563537|latestHash|0000000000000000000063f66701078ff00ccba17a23ad70562c3434e3660bc3
1758779894.563537|nextBlockETA|-6638.0145
1758779927.1242278|blockInterval|568.9855
1758779927.1242278|hashRate|983548594820
1758779927.1242278|latestHash|0000000000000000000063f66701078ff00ccba17a23ad70562c3434e3660bc3
1758779927.1242278|nextBlockETA|-6670.0145
1758779958.9715688|blockInterval|568.9855
1758779958.9715688|hashRate|983548594820
1758779958.9715688|latestHash|0000000000000000000063f66701078ff00ccba17a23ad70562c3434e3660bc3
1758779958.9715688|nextBlockETA|-6703.0145
1758779991.2297962|blockInterval|568.9855
1758779991.2297962|hashRate|983548594820
1758779991.2297962|latestHash|0000000000000000000063f66701078ff00ccba17a23ad70562c3434e3660bc3
1758779991.2297962|nextBlockETA|-6734.0145
1758780022.9712422|blockInterval|568.9855
1758780022.9712422|hashRate|983548594820
1758780022.9712422|latestHash|0000000000000000000063f66701078ff00ccba17a23ad70562c3434e3660bc3
1758780022.9712422|nextBlockETA|-6766.0145
1758780055.1243942|blockInterval|568.9855
1758780055.1243942|hashRate|983548594820
1758780055.1243942|latestHash|0000000000000000000063f66701078ff00ccba17a23ad70562c3434e3660bc3
1758780055.1243942|nextBlockETA|-6799.0145
1758780087.1087925|blockInterval|568.9855
1758780087.1087925|hashRate|983548594820
1758780087.1087925|latestHash|0000000000000000000063f66701078ff00ccba17a23ad70562c3434e3660bc3
1758780087.1087925|nextBlockETA|-6830.0145
1758780119.0210443|blockInterval|568.9855
1758780119.0210443|hashRate|983548594820
1758780119.0210443|latestHash|0000000000000000000063f66701078ff00ccba17a23ad70562c3434e3660bc3
1758780119.0210443|nextBlockETA|-6863.0145
1758780151.5837064|blockInterval|568.9855
1758780151.5837064|hashRate|983548594820
1758780151.5837064|latestHash|0000000000000000000063f66701078ff00ccba17a23ad70562c3434e3660bc3
1758780151.5837064|nextBlockETA|-6895.0145
1758780183.433751|blockInterval|568.9855
1758780183.433751|hashRate|983548594820
1758780183.433751|latestHash|0000000000000000000063f66701078ff00ccba17a23ad70562c3434e3660bc3
1758780183.433751|nextBlockETA|-6927.0145
1758780215.8937204|blockInterval|568.9855
1758780215.8937204|hashRate|983548594820
1758780215.8937204|latestHash|0000000000000000000063f66701078ff00ccba17a23ad70562c3434e3660bc3
1758780215.8937204|nextBlockETA|-6959.0145
1758780247.9135141|blockInterval|568.9855
1758780247.9135141|hashRate|983548594820
1758780247.9135141|latestHash|0000000000000000000063f66701078ff00ccba17a23ad70562c3434e3660bc3
1758780247.9135141|nextBlockETA|-6992.0145
1758780280.2851675|blockInterval|568.9855
1758780280.2851675|hashRate|983548594820
1758780280.2851675|latestHash|0000000000000000000063f66701078ff00ccba17a23ad70562c3434e3660bc3
1758780280.2851675|nextBlockETA|-7024.0145
1758780312.3522995|blockInterval|568.9855
1758780312.3522995|hashRate|983548594820
1758780312.3522995|latestHash|0000000000000000000063f66701078ff00ccba17a23ad70562c3434e3660bc3
1758780312.3522995|nextBlockETA|-7056.0145
1758780344.9157634|blockInterval|568.9855
1758780344.9157634|hashRate|983548594820
1758780344.9157634|latestHash|0000000000000000000063f66701078ff00ccba17a23ad70562c3434e3660bc3
1758780344.9157634|nextBlockETA|-7089.0145
1758780377.2739282|blockInterval|568.9855
1758780377.2739282|hashRate|983548594820
1758780377.2739282|latestHash|0000000000000000000063f66701078ff00ccba17a23ad70562c3434e3660bc3
1758780377.2739282|nextBlockETA|-7121.0145
1758780409.6685627|blockInterval|559.2585
1758780409.6685627|hashRate|983548594820
1758780409.6685627|latestHash|0000000000000000000063f66701078ff00ccba17a23ad70562c3434e3660bc3
1758780409.6685627|nextBlockETA|-7162.7415
1758780441.992807|blockInterval|559.2585
1758780441.992807|hashRate|1047231597362
1758780441.992807|latestHash|0000000000000000000063f66701078ff00ccba17a23ad70562c3434e3660bc3
1758780441.992807|nextBlockETA|-3504.7415
1758780474.1442432|blockInterval|559.2585
1758780474.1442432|hashRate|1047231597362
1758780474.1442432|latestHash|0000000000000000000063f66701078ff00ccba17a23ad70562c3434e3660bc3
1758780474.1442432|nextBlockETA|-3536.7415
1758780506.2122166|blockInterval|559.2585
1758780506.2122166|hashRate|1047231597362
1758780506.2122166|latestHash|0000000000000000000063f66701078ff00ccba17a23ad70562c3434e3660bc3
1758780506.2122166|nextBlockETA|-3568.7415
1758780538.4494286|blockInterval|559.2585
1758780538.4494286|hashRate|1047231597362
1758780538.4494286|latestHash|0000000000000000000063f66701078ff00ccba17a23ad70562c3434e3660bc3
1758780538.4494286|nextBlockETA|-3600.7415
1758780569358669190|blockInterval|559.2585
1758780569358669190|hashRate|1047231597362
1758780569358669190|latestHash|0000000000000000000063f66701078ff00ccba17a23ad70562c3434e3660bc3
1758780569358669190|nextBlockETA|-3660.1781
1758780641227996948|blockInterval|560.8219
1758780656|blockInterval|560.8219
1758780656|hashRate|1040155708191
1758780656|latestHash|0000000000000000000063f66701078ff00ccba17a23ad70562c3434e3660bc3
1758780656|nextBlockETA|-3748.1781
1758780729|blockInterval|560.8219
1758780729|hashRate|1040155708191
1758780729|latestHash|0000000000000000000063f66701078ff00ccba17a23ad70562c3434e3660bc3
1758780729|nextBlockETA|-3821.1781
1758780802|blockInterval|560.8219
1758780802|hashRate|1040155708191
1758780802|latestHash|0000000000000000000063f66701078ff00ccba17a23ad70562c3434e3660bc3
1758780802|nextBlockETA|-3893.1781
1758780874|blockInterval|560.8219
1758780874|hashRate|1040155708191
1758780874|latestHash|0000000000000000000063f66701078ff00ccba17a23ad70562c3434e3660bc3
1758780874|nextBlockETA|-3962.3586
1758780947|blockInterval|567.9722
1758780947|hashRate|1026003929848
1758780947|latestHash|0000000000000000000063f66701078ff00ccba17a23ad70562c3434e3660bc3
1758780947|nextBlockETA|-4031.0278
1758781019|blockInterval|568.8601
1758781019|hashRate|1018928040677
1758781019|latestHash|0000000000000000000063f66701078ff00ccba17a23ad70562c3434e3660bc3
1758781019|nextBlockETA|-4103.1399
1758781092|blockInterval|568.8601
1758781092|hashRate|1018928040677
1758781092|latestHash|0000000000000000000063f66701078ff00ccba17a23ad70562c3434e3660bc3
1758781092|nextBlockETA|-4175.1399
1758781164|blockInterval|568.8601
1758781164|hashRate|1018928040677
1758781164|latestHash|00000000000000000001b0af0f16d4d54c8cba52420c7e0ce2c69fe496e801db
1758781164|nextBlockETA|-4248.1399
1758781237|blockInterval|568.8601
1758781237|hashRate|1018928040677
1758781237|latestHash|00000000000000000001b0af0f16d4d54c8cba52420c7e0ce2c69fe496e801db
1758781237|nextBlockETA|-4320.1399
1758781309|blockInterval|568.8601
1758781309|hashRate|1018928040677
1758781309|latestHash|00000000000000000001b0af0f16d4d54c8cba52420c7e0ce2c69fe496e801db
1758781309|nextBlockETA|-4392.1399
1758781382|blockInterval|568.8601
1758781382|hashRate|1018928040677
1758781382|latestHash|00000000000000000001b0af0f16d4d54c8cba52420c7e0ce2c69fe496e801db
1758781382|nextBlockETA|-4465.1399
1758781454|blockInterval|570.7817
1758781454|hashRate|1018928040677
1758781454|latestHash|00000000000000000001b0af0f16d4d54c8cba52420c7e0ce2c69fe496e801db
1758781454|nextBlockETA|-4535.2183
1758781527|blockInterval|570.7817
1758781527|hashRate|1011852151506
1758781527|latestHash|00000000000000000001b0af0f16d4d54c8cba52420c7e0ce2c69fe496e801db
1758781527|nextBlockETA|-4608.2183
1758781599|blockInterval|570.7817
1758781599|hashRate|1011852151506
1758781599|latestHash|00000000000000000001b0af0f16d4d54c8cba52420c7e0ce2c69fe496e801db
1758781599|nextBlockETA|-4681.2183
1758781672|blockInterval|570.7817
1758781672|hashRate|1011852151506
1758781672|latestHash|000000000000000000018cfb023283f0f2b5326c498d5b8523a0180c43280f6c
1758781672|nextBlockETA|-4753.2183
1758781745|blockInterval|574.6809
1758781745|hashRate|1011852151506
1758781745|latestHash|000000000000000000018cfb023283f0f2b5326c498d5b8523a0180c43280f6c
1758781745|nextBlockETA|-4825.2143
1758781817|blockInterval|571.7857
1758781817|hashRate|997700373163
1758781817|latestHash|000000000000000000018cfb023283f0f2b5326c498d5b8523a0180c43280f6c
1758781817|nextBlockETA|-4898.2143
1758781890|blockInterval|571.7857
1758781890|hashRate|997700373163
1758781890|latestHash|000000000000000000018cfb023283f0f2b5326c498d5b8523a0180c43280f6c
1758781890|nextBlockETA|-4970.2143
1758781963|blockInterval|571.7857
1758781963|hashRate|997700373163
1758781963|latestHash|000000000000000000018cfb023283f0f2b5326c498d5b8523a0180c43280f6c
1758781963|nextBlockETA|-5043.2143
1758782035|blockInterval|571.7857
1758782035|hashRate|997700373163
1758782035|latestHash|000000000000000000018cfb023283f0f2b5326c498d5b8523a0180c43280f6c
1758782035|nextBlockETA|-5116.2143
1758782108|blockInterval|571.7857
1758782108|hashRate|997700373163
1758782108|latestHash|000000000000000000018cfb023283f0f2b5326c498d5b8523a0180c43280f6c
1758782108|nextBlockETA|-5188.2143
1758782180|blockInterval|571.7857
1758782180|hashRate|997700373163
1758782180|latestHash|000000000000000000018cfb023283f0f2b5326c498d5b8523a0180c43280f6c
1758782180|nextBlockETA|-5261.2143
1758782253|blockInterval|571.7857
1758782253|hashRate|997700373163
1758782253|latestHash|000000000000000000018cfb023283f0f2b5326c498d5b8523a0180c43280f6c
1758782253|nextBlockETA|-5333.2143
1758782325|blockInterval|571.7857
1758782325|hashRate|997700373163
1758782325|latestHash|000000000000000000018cfb023283f0f2b5326c498d5b8523a0180c43280f6c
1758782325|nextBlockETA|-5406.2143
1758782398|blockInterval|571.7857
1758782398|hashRate|997700373163
1758782398|latestHash|000000000000000000018cfb023283f0f2b5326c498d5b8523a0180c43280f6c
1758782398|nextBlockETA|-5479.2143
1758782471|blockInterval|571.7857
1758782471|hashRate|997700373163
1758782471|latestHash|000000000000000000018cfb023283f0f2b5326c498d5b8523a0180c43280f6c
1758782471|nextBlockETA|-5551.2143
1758782544|blockInterval|571.7857
1758782544|hashRate|997700373163
1758782544|latestHash|000000000000000000018cfb023283f0f2b5326c498d5b8523a0180c43280f6c
1758782544|nextBlockETA|-5624.2143
1758782616|blockInterval|571.7857
1758782616|hashRate|997700373163
1758782616|latestHash|000000000000000000018cfb023283f0f2b5326c498d5b8523a0180c43280f6c
1758782616|nextBlockETA|-5696.2143
1758782688|blockInterval|571.7857
1758782688|hashRate|997700373163
1758782688|latestHash|000000000000000000018cfb023283f0f2b5326c498d5b8523a0180c43280f6c
1758782688|nextBlockETA|-5768.2143
1758782761|blockInterval|573.741
1758782761|hashRate|997700373163
1758782761|latestHash|000000000000000000018cfb023283f0f2b5326c498d5b8523a0180c43280f6c
1758782761|nextBlockETA|-5839.259
1758782833|blockInterval|573.741
1758782833|hashRate|990624483991
1758782833|latestHash|000000000000000000018cfb023283f0f2b5326c498d5b8523a0180c43280f6c
1758782833|nextBlockETA|-5912.259
1758782906|blockInterval|573.741
1758782906|hashRate|990624483991
1758782906|latestHash|000000000000000000018cfb023283f0f2b5326c498d5b8523a0180c43280f6c
1758782906|nextBlockETA|-5984.259
1758782978|blockInterval|573.741
1758782978|hashRate|990624483991
1758782978|latestHash|000000000000000000018cfb023283f0f2b5326c498d5b8523a0180c43280f6c
1758782978|nextBlockETA|-6057.259
1758783051|blockInterval|574.8913
1758783051|hashRate|983548594820
1758783051|latestHash|000000000000000000018cfb023283f0f2b5326c498d5b8523a0180c43280f6c
1758783051|nextBlockETA|-6128.1087
1758783123|blockInterval|574.8913
1758783123|hashRate|983548594820
1758783123|latestHash|000000000000000000018cfb023283f0f2b5326c498d5b8523a0180c43280f6c
1758783123|nextBlockETA|-6201.1087
1758783196|blockInterval|574.8913
1758783196|hashRate|983548594820
1758783196|latestHash|000000000000000000018cfb023283f0f2b5326c498d5b8523a0180c43280f6c
1758783196|nextBlockETA|-6273.1087
1758783269|blockInterval|574.8913
1758783269|hashRate|983548594820
1758783269|latestHash|000000000000000000018cfb023283f0f2b5326c498d5b8523a0180c43280f6c
1758783269|nextBlockETA|-6345.1087
1758783341|blockInterval|574.8913
1758783341|hashRate|983548594820
1758783341|latestHash|000000000000000000018cfb023283f0f2b5326c498d5b8523a0180c43280f6c
1758783341|nextBlockETA|-6418.1087
1758783413|blockInterval|574.8913
1758783413|hashRate|983548594820
1758783413|latestHash|00000000000000000000ead258baf51438ca23b9d2c93b699969a04835c6d5e2
1758783413|nextBlockETA|-6492.1022
1758783486|blockInterval|573.8978
1758783486|hashRate|976472705649
1758783486|latestHash|00000000000000000000ead258baf51438ca23b9d2c93b699969a04835c6d5e2
1758783486|nextBlockETA|-6564.1022
1758783558|blockInterval|573.8978
1758783558|hashRate|976472705649
1758783558|latestHash|00000000000000000000ead258baf51438ca23b9d2c93b699969a04835c6d5e2
1758783558|nextBlockETA|-6636.1022
1758783630|blockInterval|573.8978
1758783630|hashRate|976472705649
1758783630|latestHash|00000000000000000000ead258baf51438ca23b9d2c93b699969a04835c6d5e2
1758783630|nextBlockETA|-6709.1022
1758783703|blockInterval|573.8978
1758783703|hashRate|976472705649
1758783703|latestHash|00000000000000000000ead258baf51438ca23b9d2c93b699969a04835c6d5e2
1758783703|nextBlockETA|-6781.1022
1758783775|blockInterval|573.8978
1758783775|hashRate|976472705649
1758783775|latestHash|00000000000000000000ead258baf51438ca23b9d2c93b699969a04835c6d5e2
1758783775|nextBlockETA|-6854.1022
1758783848|blockInterval|573.8978
1758783848|hashRate|976472705649
1758783848|latestHash|00000000000000000000ead258baf51438ca23b9d2c93b699969a04835c6d5e2
1758783848|nextBlockETA|-6927.1022
1758783921|blockInterval|573.8978
1758783921|hashRate|976472705649
1758783921|latestHash|00000000000000000000ead258baf51438ca23b9d2c93b699969a04835c6d5e2
1758783921|nextBlockETA|-6999.1022
1758783993|blockInterval|573.8978
1758783993|hashRate|976472705649
1758783993|latestHash|00000000000000000000ead258baf51438ca23b9d2c93b699969a04835c6d5e2
1758783993|nextBlockETA|-7072.1022
1758784066|blockInterval|580.6286
1758784066|hashRate|976472705649
1758784066|latestHash|00000000000000000000ead258baf51438ca23b9d2c93b699969a04835c6d5e2
1758784066|nextBlockETA|-7138.3714
1758784139|blockInterval|580.6286
1758784139|hashRate|997700373163
1758784139|latestHash|00000000000000000000ead258baf51438ca23b9d2c93b699969a04835c6d5e2
1758784139|nextBlockETA|-4545.1007
1758784212|blockInterval|581.8993
1758784212|hashRate|990624483991
1758784212|latestHash|00000000000000000000ead258baf51438ca23b9d2c93b699969a04835c6d5e2
1758784212|nextBlockETA|-4618.1007
1758784284|blockInterval|581.8993
1758784284|hashRate|990624483991
1758784284|latestHash|00000000000000000000ead258baf51438ca23b9d2c93b699969a04835c6d5e2
1758784284|nextBlockETA|-4691.1007
1758784357|blockInterval|581.8993
1758784357|hashRate|990624483991
1758784357|latestHash|00000000000000000000ead258baf51438ca23b9d2c93b699969a04835c6d5e2
1758784357|nextBlockETA|-4763.1007
1758784429|blockInterval|581.8993
1758784429|hashRate|990624483991
1758784429|latestHash|00000000000000000000ead258baf51438ca23b9d2c93b699969a04835c6d5e2
1758784429|nextBlockETA|-4836.1007
1758784502|blockInterval|581.8993
1758784502|hashRate|990624483991
1758784502|latestHash|00000000000000000000ead258baf51438ca23b9d2c93b699969a04835c6d5e2
1758784502|nextBlockETA|-4908.1007
1758784575|blockInterval|583.913
1758784575|hashRate|990624483991
1758784575|latestHash|00000000000000000000ead258baf51438ca23b9d2c93b699969a04835c6d5e2
1758784575|nextBlockETA|-4979.0869999999995
1758784647|blockInterval|583.913
1758784647|hashRate|983548594820
1758784647|latestHash|00000000000000000000ead258baf51438ca23b9d2c93b699969a04835c6d5e2
1758784647|nextBlockETA|-5051.0869999999995
1758784720|blockInterval|583.913
1758784720|hashRate|983548594820
1758784720|latestHash|00000000000000000000ead258baf51438ca23b9d2c93b699969a04835c6d5e2
1758784720|nextBlockETA|-5123.0869999999995
1758784792|blockInterval|583.913
1758784792|hashRate|983548594820
1758784792|latestHash|00000000000000000000ead258baf51438ca23b9d2c93b699969a04835c6d5e2
1758784792|nextBlockETA|-5196.0869999999995
1758784864|blockInterval|584.1314
1758784864|hashRate|976472705649
1758784864|latestHash|00000000000000000000ead258baf51438ca23b9d2c93b699969a04835c6d5e2
1758784864|nextBlockETA|-5267.8686
1758784937|blockInterval|584.1314
1758784937|hashRate|976472705649
1758784937|latestHash|00000000000000000000ead258baf51438ca23b9d2c93b699969a04835c6d5e2
1758784937|nextBlockETA|-5340.8686
1758785009|blockInterval|584.1314
1758785009|hashRate|976472705649
1758785009|latestHash|00000000000000000000ead258baf51438ca23b9d2c93b699969a04835c6d5e2
1758785009|nextBlockETA|-5412.8686
1758785081|blockInterval|584.1314
1758785081|hashRate|976472705649
1758785081|latestHash|00000000000000000000ead258baf51438ca23b9d2c93b699969a04835c6d5e2
1758785081|nextBlockETA|-5485.8686
1758785154|blockInterval|584.1314
1758785154|hashRate|976472705649
1758785154|latestHash|00000000000000000000ead258baf51438ca23b9d2c93b699969a04835c6d5e2
1758785154|nextBlockETA|-5558.8686
1758785227|blockInterval|584.1314
1758785227|hashRate|976472705649
1758785227|latestHash|00000000000000000000ead258baf51438ca23b9d2c93b699969a04835c6d5e2
1758785227|nextBlockETA|-5631.8686
1758785300|blockInterval|584.1314
1758785300|hashRate|976472705649
1758785300|latestHash|00000000000000000000ead258baf51438ca23b9d2c93b699969a04835c6d5e2
1758785300|nextBlockETA|-5703.8686
1758785372|blockInterval|584.1314
1758785372|hashRate|976472705649
1758785372|latestHash|00000000000000000000ead258baf51438ca23b9d2c93b699969a04835c6d5e2
1758785372|nextBlockETA|-5776.8686
1758785445|blockInterval|584.0588
1758785445|hashRate|969396816477
1758785445|latestHash|00000000000000000000ead258baf51438ca23b9d2c93b699969a04835c6d5e2
1758785445|nextBlockETA|-5849.9412
1758785518|blockInterval|584.0588
1758785518|hashRate|969396816477
1758785518|latestHash|00000000000000000000ead258baf51438ca23b9d2c93b699969a04835c6d5e2
1758785518|nextBlockETA|-5921.9412
1758785590|blockInterval|584.0588
1758785590|hashRate|969396816477
1758785590|latestHash|00000000000000000000ead258baf51438ca23b9d2c93b699969a04835c6d5e2
1758785590|nextBlockETA|-5993.9412
1758785662|blockInterval|584.0588
1758785662|hashRate|969396816477
1758785662|latestHash|00000000000000000000ead258baf51438ca23b9d2c93b699969a04835c6d5e2
1758785662|nextBlockETA|-6065.9412
1758785735|blockInterval|584.0588
1758785735|hashRate|969396816477
1758785735|latestHash|00000000000000000001cf2cf2d038a7e27bbe8182faa4a0670a4bd8c185e157
1758785735|nextBlockETA|-6137.9412
1758785806|blockInterval|584.0588
1758785806|hashRate|969396816477
1758785806|latestHash|00000000000000000001cf2cf2d038a7e27bbe8182faa4a0670a4bd8c185e157
1758785806|nextBlockETA|-6210.9412
1758785879|blockInterval|584.0588
1758785879|hashRate|969396816477
1758785879|latestHash|00000000000000000001cf2cf2d038a7e27bbe8182faa4a0670a4bd8c185e157
1758785879|nextBlockETA|-6283.9412
1758785952|blockInterval|584.0588
1758785952|hashRate|969396816477
1758785952|latestHash|00000000000000000001cf2cf2d038a7e27bbe8182faa4a0670a4bd8c185e157
1758785952|nextBlockETA|-6355.9412
1758786024|blockInterval|587.0815
1758786024|hashRate|962320927306
1758786024|latestHash|00000000000000000001cf2cf2d038a7e27bbe8182faa4a0670a4bd8c185e157
1758786024|nextBlockETA|-6424.9185
1758786097|blockInterval|587.0815
1758786097|hashRate|962320927306
1758786097|latestHash|0000000000000000000082260b48bd9abd98538a873daf0ec63b81535439afbc
1758786097|nextBlockETA|-6497.9185
1758786169|blockInterval|587.0815
1758786169|hashRate|962320927306
1758786169|latestHash|0000000000000000000082260b48bd9abd98538a873daf0ec63b81535439afbc
1758786169|nextBlockETA|-6575.8582
1758786242|blockInterval|581.1418
1758786242|hashRate|955245038135
1758786242|latestHash|0000000000000000000082260b48bd9abd98538a873daf0ec63b81535439afbc
1758786242|nextBlockETA|-6648.8582
1758786314|blockInterval|581.1418
1758786314|hashRate|955245038135
1758786314|latestHash|0000000000000000000082260b48bd9abd98538a873daf0ec63b81535439afbc
1758786314|nextBlockETA|-6721.8582
1758786387|blockInterval|581.1418
1758786387|hashRate|955245038135
1758786387|latestHash|0000000000000000000082260b48bd9abd98538a873daf0ec63b81535439afbc
1758786387|nextBlockETA|-6794.8582
1758786460|blockInterval|581.1418
1758786460|hashRate|955245038135
1758786460|latestHash|0000000000000000000082260b48bd9abd98538a873daf0ec63b81535439afbc
1758786460|nextBlockETA|-6866.8582
1758786532|blockInterval|581.1418
1758786532|hashRate|955245038135
1758786532|latestHash|0000000000000000000082260b48bd9abd98538a873daf0ec63b81535439afbc
1758786532|nextBlockETA|-6939.8582
1758786605|blockInterval|581.1418
1758786605|hashRate|955245038135
1758786605|latestHash|0000000000000000000082260b48bd9abd98538a873daf0ec63b81535439afbc
1758786605|nextBlockETA|-7011.8582
1758786678|blockInterval|581.1418
1758786678|hashRate|955245038135
1758786678|latestHash|0000000000000000000082260b48bd9abd98538a873daf0ec63b81535439afbc
1758786678|nextBlockETA|-7084.8582
1758786750|blockInterval|581.1418
1758786750|hashRate|955245038135
1758786750|latestHash|0000000000000000000082260b48bd9abd98538a873daf0ec63b81535439afbc
1758786750|nextBlockETA|-7157.8582
1758786823|blockInterval|581.1418
1758786823|hashRate|955245038135
1758786823|latestHash|0000000000000000000082260b48bd9abd98538a873daf0ec63b81535439afbc
1758786823|nextBlockETA|-7229.8582
1758786896|blockInterval|581.1418
1758786896|hashRate|955245038135
1758786896|latestHash|0000000000000000000082260b48bd9abd98538a873daf0ec63b81535439afbc
1758786896|nextBlockETA|-7302.8582
1758786968|blockInterval|581.1418
1758786968|hashRate|955245038135
1758786968|latestHash|0000000000000000000082260b48bd9abd98538a873daf0ec63b81535439afbc
1758786968|nextBlockETA|-7374.8582
1758787041|blockInterval|581.1418
1758787041|hashRate|955245038135
1758787041|latestHash|0000000000000000000082260b48bd9abd98538a873daf0ec63b81535439afbc
1758787041|nextBlockETA|-7447.8582
1758787113|blockInterval|581.1418
1758787113|hashRate|955245038135
1758787113|latestHash|0000000000000000000082260b48bd9abd98538a873daf0ec63b81535439afbc
1758787113|nextBlockETA|-7520.8582
1758787186|blockInterval|581.1418
1758787186|hashRate|955245038135
1758787186|latestHash|0000000000000000000082260b48bd9abd98538a873daf0ec63b81535439afbc
1758787186|nextBlockETA|-7593.8582
1758787259|blockInterval|581.1418
1758787259|hashRate|955245038135
1758787259|latestHash|00000000000000000000f164cdfdc0f595511fe230a6a70f8b595d626fb74725
1758787259|nextBlockETA|-7665.8582
1758787332|blockInterval|581.1418
1758787332|hashRate|955245038135
1758787332|latestHash|00000000000000000000f164cdfdc0f595511fe230a6a70f8b595d626fb74725
1758787332|nextBlockETA|-7738.8582
1758787404|blockInterval|581.1418
1758787404|hashRate|955245038135
1758787404|latestHash|00000000000000000000f164cdfdc0f595511fe230a6a70f8b595d626fb74725
1758787404|nextBlockETA|-7810.8582
1758787476|blockInterval|581.1418
1758787476|hashRate|955245038135
1758787476|latestHash|00000000000000000000f164cdfdc0f595511fe230a6a70f8b595d626fb74725
1758787476|nextBlockETA|-7882.8582
1758787548|blockInterval|581.1418
1758787548|hashRate|955245038135
1758787548|latestHash|00000000000000000000f164cdfdc0f595511fe230a6a70f8b595d626fb74725
1758787548|nextBlockETA|-7952.4812
1758787621|blockInterval|584.5188
1758787621|hashRate|948169148963
1758787621|latestHash|00000000000000000001f0c3e7f8f28bb9b64b28dd1d5f39d779ee6f6a666d79
1758787621|nextBlockETA|-8024.4812
1758787693|blockInterval|584.5188
1758787693|hashRate|948169148963
1758787693|latestHash|00000000000000000001f0c3e7f8f28bb9b64b28dd1d5f39d779ee6f6a666d79
1758787693|nextBlockETA|-8093.6288
1758787766|blockInterval|588.3712
1758787766|hashRate|941093259792
1758787766|latestHash|00000000000000000001f0c3e7f8f28bb9b64b28dd1d5f39d779ee6f6a666d79
1758787766|nextBlockETA|-8170.4962
1758787839|blockInterval|584.5038
1758787839|hashRate|934017370621
1758787839|latestHash|00000000000000000001f0c3e7f8f28bb9b64b28dd1d5f39d779ee6f6a666d79
1758787839|nextBlockETA|-8242.4962
1758787911|blockInterval|584.5038
1758787911|hashRate|934017370621
1758787911|latestHash|00000000000000000001f0c3e7f8f28bb9b64b28dd1d5f39d779ee6f6a666d79
1758787911|nextBlockETA|-8315.4962
1758787984|blockInterval|584.5038
1758787984|hashRate|934017370621
1758787984|latestHash|00000000000000000001f0c3e7f8f28bb9b64b28dd1d5f39d779ee6f6a666d79
1758787984|nextBlockETA|-8387.4962
1758788057|blockInterval|584.5038
1758788057|hashRate|934017370621
1758788057|latestHash|00000000000000000001f0c3e7f8f28bb9b64b28dd1d5f39d779ee6f6a666d79
1758788057|nextBlockETA|-8460.4962
1758788129|blockInterval|584.5038
1758788129|hashRate|934017370621
1758788129|latestHash|00000000000000000001f0c3e7f8f28bb9b64b28dd1d5f39d779ee6f6a666d79
1758788129|nextBlockETA|-8533.4962
1758788202|blockInterval|584.5038
1758788202|hashRate|934017370621
1758788202|latestHash|00000000000000000001f0c3e7f8f28bb9b64b28dd1d5f39d779ee6f6a666d79
1758788202|nextBlockETA|-8605.4962
1758788274|blockInterval|584.5038
1758788274|hashRate|934017370621
1758788274|latestHash|00000000000000000001f0c3e7f8f28bb9b64b28dd1d5f39d779ee6f6a666d79
1758788274|nextBlockETA|-8678.4962
1758788347|blockInterval|584.5038
1758788347|hashRate|934017370621
1758788347|latestHash|00000000000000000001f0c3e7f8f28bb9b64b28dd1d5f39d779ee6f6a666d79
1758788347|nextBlockETA|-8750.4962
1758788419|blockInterval|584.5038
1758788419|hashRate|934017370621
1758788419|latestHash|00000000000000000001f0c3e7f8f28bb9b64b28dd1d5f39d779ee6f6a666d79
1758788419|nextBlockETA|-8823.4962
1758788492|blockInterval|584.5038
1758788492|hashRate|934017370621
1758788492|latestHash|00000000000000000001f0c3e7f8f28bb9b64b28dd1d5f39d779ee6f6a666d79
1758788492|nextBlockETA|-8896.4962
1758788565|blockInterval|584.5038
1758788565|hashRate|934017370621
1758788565|latestHash|00000000000000000001f0c3e7f8f28bb9b64b28dd1d5f39d779ee6f6a666d79
1758788565|nextBlockETA|-8968.4962
1758788637|blockInterval|584.5038
1758788637|hashRate|934017370621
1758788637|latestHash|000000000000000000004d678558d9794ae0ed7e8445e0a7ebccd42a8ef03139
1758788637|nextBlockETA|-9041.4962
1758788710|blockInterval|584.5038
1758788710|hashRate|934017370621
1758788710|latestHash|000000000000000000004d678558d9794ae0ed7e8445e0a7ebccd42a8ef03139
1758788710|nextBlockETA|-9113.4962
1758788782|blockInterval|584.5038
1758788782|hashRate|934017370621
1758788782|latestHash|000000000000000000004d678558d9794ae0ed7e8445e0a7ebccd42a8ef03139
1758788782|nextBlockETA|-9167.097
1758788855|blockInterval|603.903
1758788855|hashRate|955245038135
1758788855|latestHash|000000000000000000004d678558d9794ae0ed7e8445e0a7ebccd42a8ef03139
1758788855|nextBlockETA|-4884.5833
1758788927|blockInterval|605.4167
1758788927|hashRate|941093259792
1758788927|latestHash|000000000000000000004d678558d9794ae0ed7e8445e0a7ebccd42a8ef03139
1758788927|nextBlockETA|-4957.5833
1758789000|blockInterval|605.4167
1758789000|hashRate|941093259792
1758789000|latestHash|000000000000000000004d678558d9794ae0ed7e8445e0a7ebccd42a8ef03139
1758789000|nextBlockETA|-5029.5833
1758789072|blockInterval|605.4167
1758789072|hashRate|941093259792
1758789072|latestHash|000000000000000000004d678558d9794ae0ed7e8445e0a7ebccd42a8ef03139
1758789072|nextBlockETA|-5102.5833
1758789145|blockInterval|605.4167
1758789145|hashRate|941093259792
1758789145|latestHash|000000000000000000004d678558d9794ae0ed7e8445e0a7ebccd42a8ef03139
1758789145|nextBlockETA|-5174.5833
1758789218|blockInterval|605.4167
1758789218|hashRate|941093259792
1758789218|latestHash|000000000000000000002fb4f4b62756b6c59bf2fafc467574556998d7654a8b
1758789218|nextBlockETA|-5247.5833
1758789290|blockInterval|605.4167
1758789290|hashRate|941093259792
1758789290|latestHash|000000000000000000015b015dbdc7981616d8f8877af352fb299c5111f953e8
1758789290|nextBlockETA|-5328.5833
1758789371|blockInterval|605.4167
1758789371|hashRate|941093259792
1758789371|latestHash|000000000000000000015b015dbdc7981616d8f8877af352fb299c5111f953e8
1758789371|nextBlockETA|-5401.5833
1758789444|blockInterval|605.4167
1758789444|hashRate|941093259792
1758789444|latestHash|000000000000000000015b015dbdc7981616d8f8877af352fb299c5111f953e8
1758789444|nextBlockETA|-5473.5833
1758789516|blockInterval|605.4167
1758789516|hashRate|941093259792
1758789516|latestHash|000000000000000000015b015dbdc7981616d8f8877af352fb299c5111f953e8
1758789516|nextBlockETA|-5546.5833
1758789589|blockInterval|605.4167
1758789589|hashRate|941093259792
1758789589|latestHash|000000000000000000015b015dbdc7981616d8f8877af352fb299c5111f953e8
1758789589|nextBlockETA|-5618.5833
1758789662|blockInterval|605.4167
1758789662|hashRate|941093259792
1758789662|latestHash|000000000000000000015b015dbdc7981616d8f8877af352fb299c5111f953e8
1758789662|nextBlockETA|-5691.5833
1758789734|blockInterval|605.4167
1758789734|hashRate|941093259792
1758789734|latestHash|000000000000000000015b015dbdc7981616d8f8877af352fb299c5111f953e8
1758789734|nextBlockETA|-5763.5833
1758789807|blockInterval|605.4167
1758789807|hashRate|941093259792
1758789807|latestHash|000000000000000000015b015dbdc7981616d8f8877af352fb299c5111f953e8
1758789807|nextBlockETA|-5836.5833
1758789879|blockInterval|605.4167
1758789879|hashRate|941093259792
1758789879|latestHash|000000000000000000015b015dbdc7981616d8f8877af352fb299c5111f953e8
1758789879|nextBlockETA|-5907.4046
1758789952|blockInterval|607.5954
1758789952|hashRate|934017370621
1758789952|latestHash|00000000000000000001e4c356ecf4fe01146f3cbd5d6ef99a35eac4a89f1b75
1758789952|nextBlockETA|-5979.4046
1758790025|blockInterval|607.5954
1758790025|hashRate|934017370621
1758790025|latestHash|00000000000000000001e4c356ecf4fe01146f3cbd5d6ef99a35eac4a89f1b75
1758790025|nextBlockETA|-6052.4046
1758790097|blockInterval|607.5954
1758790097|hashRate|934017370621
1758790097|latestHash|00000000000000000001e4c356ecf4fe01146f3cbd5d6ef99a35eac4a89f1b75
1758790097|nextBlockETA|-6125.4046
1758790170|blockInterval|607.5954
1758790170|hashRate|934017370621
1758790170|latestHash|00000000000000000001ac81d87c71af2bd486957f0f76be3cc7ae44ad009b4b
1758790170|nextBlockETA|-6197.4046
1758790242|blockInterval|606.2538
1758790242|hashRate|926941481449
1758790242|latestHash|00000000000000000001ac81d87c71af2bd486957f0f76be3cc7ae44ad009b4b
1758790242|nextBlockETA|-6271.7462
1758790315|blockInterval|606.2538
1758790315|hashRate|926941481449
1758790315|latestHash|00000000000000000001ac81d87c71af2bd486957f0f76be3cc7ae44ad009b4b
1758790315|nextBlockETA|-6344.7462
1758790388|blockInterval|617.4621
1758790388|hashRate|941093259792
1758790388|latestHash|00000000000000000001ac81d87c71af2bd486957f0f76be3cc7ae44ad009b4b
1758790388|nextBlockETA|-3713.5379000000003
1758790460|blockInterval|617.4621
1758790460|hashRate|941093259792
1758790460|latestHash|00000000000000000001ac81d87c71af2bd486957f0f76be3cc7ae44ad009b4b
1758790460|nextBlockETA|-3785.5379000000003
1758790532|blockInterval|617.4621
1758790532|hashRate|941093259792
1758790532|latestHash|00000000000000000001ac81d87c71af2bd486957f0f76be3cc7ae44ad009b4b
1758790532|nextBlockETA|-3858.5379000000003
1758790605|blockInterval|617.4621
1758790605|hashRate|941093259792
1758790605|latestHash|00000000000000000001ac81d87c71af2bd486957f0f76be3cc7ae44ad009b4b
1758790605|nextBlockETA|-3931.5379000000003
1758790678|blockInterval|617.4621
1758790678|hashRate|941093259792
1758790678|latestHash|00000000000000000001ac81d87c71af2bd486957f0f76be3cc7ae44ad009b4b
1758790678|nextBlockETA|-4003.5379000000003
1758790750|blockInterval|617.4621
1758790750|hashRate|941093259792
1758790750|latestHash|00000000000000000001ac81d87c71af2bd486957f0f76be3cc7ae44ad009b4b
1758790750|nextBlockETA|-4076.5379000000003
1758790823|blockInterval|617.4621
1758790823|hashRate|941093259792
1758790823|latestHash|00000000000000000001ac81d87c71af2bd486957f0f76be3cc7ae44ad009b4b
1758790823|nextBlockETA|-4148.5379
1758790895|blockInterval|617.4621
1758790895|hashRate|941093259792
1758790895|latestHash|00000000000000000001ac81d87c71af2bd486957f0f76be3cc7ae44ad009b4b
1758790895|nextBlockETA|-4220.5379
1758790967|blockInterval|617.4621
1758790967|hashRate|941093259792
1758790967|latestHash|00000000000000000001ac81d87c71af2bd486957f0f76be3cc7ae44ad009b4b
1758790967|nextBlockETA|-4304.9542
1758791040|blockInterval|606.0458
1758791040|hashRate|934017370621
1758791040|latestHash|00000000000000000001ac81d87c71af2bd486957f0f76be3cc7ae44ad009b4b
1758791040|nextBlockETA|-4377.9542
1758791113|blockInterval|606.0458
1758791113|hashRate|934017370621
1758791113|latestHash|00000000000000000001ac81d87c71af2bd486957f0f76be3cc7ae44ad009b4b
1758791113|nextBlockETA|-4449.9542
1758791185|blockInterval|606.0458
1758791185|hashRate|934017370621
1758791185|latestHash|00000000000000000001ac81d87c71af2bd486957f0f76be3cc7ae44ad009b4b
1758791185|nextBlockETA|-4522.9542
1758791258|blockInterval|606.0458
1758791258|hashRate|934017370621
1758791258|latestHash|00000000000000000001ac81d87c71af2bd486957f0f76be3cc7ae44ad009b4b
1758791258|nextBlockETA|-4594.9542
1758791331|blockInterval|606.0458
1758791331|hashRate|934017370621
1758791331|latestHash|00000000000000000001ac81d87c71af2bd486957f0f76be3cc7ae44ad009b4b
1758791331|nextBlockETA|-4667.9542
1758791403|blockInterval|606.0458
1758791403|hashRate|934017370621
1758791403|latestHash|00000000000000000001ac81d87c71af2bd486957f0f76be3cc7ae44ad009b4b
1758791403|nextBlockETA|-4739.9542
1758791475|blockInterval|606.0458
1758791475|hashRate|934017370621
1758791475|latestHash|00000000000000000001ac81d87c71af2bd486957f0f76be3cc7ae44ad009b4b
1758791475|nextBlockETA|-4812.9542
1758791548|blockInterval|606.0458
1758791548|hashRate|934017370621
1758791548|latestHash|00000000000000000001ac81d87c71af2bd486957f0f76be3cc7ae44ad009b4b
1758791548|nextBlockETA|-4884.9542
1758791620|blockInterval|606.0458
1758791620|hashRate|934017370621
1758791620|latestHash|00000000000000000001ac81d87c71af2bd486957f0f76be3cc7ae44ad009b4b
1758791620|nextBlockETA|-4956.9542
1758791693|blockInterval|606.0458
1758791693|hashRate|934017370621
1758791693|latestHash|000000000000000000012a90d7d7d59ce927130070e75141d9a0cd3fb1c4149a
1758791693|nextBlockETA|-5029.9542
1758791765|blockInterval|606.0458
1758791765|hashRate|934017370621
1758791765|latestHash|000000000000000000012a90d7d7d59ce927130070e75141d9a0cd3fb1c4149a
1758791765|nextBlockETA|-5102.9542
1758791838|blockInterval|606.0458
1758791838|hashRate|934017370621
1758791838|latestHash|000000000000000000012a90d7d7d59ce927130070e75141d9a0cd3fb1c4149a
1758791838|nextBlockETA|-5174.9542
1758791910|blockInterval|606.0458
1758791910|hashRate|934017370621
1758791910|latestHash|000000000000000000012a90d7d7d59ce927130070e75141d9a0cd3fb1c4149a
1758791910|nextBlockETA|-5246.9542
1758791983|blockInterval|606.0458
1758791983|hashRate|934017370621
1758791983|latestHash|000000000000000000012a90d7d7d59ce927130070e75141d9a0cd3fb1c4149a
1758791983|nextBlockETA|-5319.9542
1758792055|blockInterval|606.0458
1758792055|hashRate|934017370621
1758792055|latestHash|0000000000000000000046e4a7f41e9a9c5290d5b79a730f98e4d857609bb6d8
1758792055|nextBlockETA|-5391.9542
1758792127|blockInterval|606.0458
1758792127|hashRate|934017370621
1758792127|latestHash|0000000000000000000046e4a7f41e9a9c5290d5b79a730f98e4d857609bb6d8
1758792127|nextBlockETA|-5464.9542
1758792200|blockInterval|606.0458
1758792200|hashRate|934017370621
1758792200|latestHash|0000000000000000000046e4a7f41e9a9c5290d5b79a730f98e4d857609bb6d8
1758792200|nextBlockETA|-5536.9542
1758792272|blockInterval|606.0458
1758792272|hashRate|934017370621
1758792272|latestHash|0000000000000000000046e4a7f41e9a9c5290d5b79a730f98e4d857609bb6d8
1758792272|nextBlockETA|-5609.9542
1758792345|blockInterval|606.0458
1758792345|hashRate|934017370621
1758792345|latestHash|0000000000000000000046e4a7f41e9a9c5290d5b79a730f98e4d857609bb6d8
1758792345|nextBlockETA|-5682.9542
1758792418|blockInterval|606.0458
1758792418|hashRate|934017370621
1758792418|latestHash|0000000000000000000046e4a7f41e9a9c5290d5b79a730f98e4d857609bb6d8
1758792418|nextBlockETA|-5754.9542
1758792490|blockInterval|606.0458
1758792490|hashRate|934017370621
1758792490|latestHash|0000000000000000000046e4a7f41e9a9c5290d5b79a730f98e4d857609bb6d8
1758792490|nextBlockETA|-5826.9542
1758792563|blockInterval|606.0458
1758792563|hashRate|934017370621
1758792563|latestHash|0000000000000000000046e4a7f41e9a9c5290d5b79a730f98e4d857609bb6d8
1758792563|nextBlockETA|-5899.9542
1758792635|blockInterval|606.0458
1758792635|hashRate|934017370621
1758792635|latestHash|0000000000000000000046e4a7f41e9a9c5290d5b79a730f98e4d857609bb6d8
1758792635|nextBlockETA|-5971.9542
1758792707|blockInterval|606.0458
1758792707|hashRate|934017370621
1758792707|latestHash|0000000000000000000046e4a7f41e9a9c5290d5b79a730f98e4d857609bb6d8
1758792707|nextBlockETA|-6044.9542
1758792780|blockInterval|606.0458
1758792780|hashRate|934017370621
1758792780|latestHash|0000000000000000000046e4a7f41e9a9c5290d5b79a730f98e4d857609bb6d8
1758792780|nextBlockETA|-6116.9542
1758792852|blockInterval|606.0458
1758792852|hashRate|934017370621
1758792852|latestHash|000000000000000000003094cc1d3d1ee78418561ba1cfd6373eaff70d803fd1
1758792852|nextBlockETA|-6189.9542
1758792925|blockInterval|606.0458
1758792925|hashRate|934017370621
1758792925|latestHash|00000000000000000000200a0cf81ad042b1fdc6e4155341b6855754704e40e9
1758792925|nextBlockETA|-6261.9542
1758792997|blockInterval|606.0458
1758792997|hashRate|934017370621
1758792997|latestHash|00000000000000000000200a0cf81ad042b1fdc6e4155341b6855754704e40e9
1758792997|nextBlockETA|-6334.9542
1758793070|blockInterval|606.0458
1758793070|hashRate|934017370621
1758793070|latestHash|00000000000000000000200a0cf81ad042b1fdc6e4155341b6855754704e40e9
1758793070|nextBlockETA|-6407.4385
1758793142|blockInterval|605.5615
1758793142|hashRate|926941481449
1758793142|latestHash|00000000000000000000200a0cf81ad042b1fdc6e4155341b6855754704e40e9
1758793142|nextBlockETA|-6480.4385
1758793215|blockInterval|605.5615
1758793215|hashRate|926941481449
1758793215|latestHash|00000000000000000000200a0cf81ad042b1fdc6e4155341b6855754704e40e9
1758793215|nextBlockETA|-6553.4385
1758793288|blockInterval|605.5615
1758793288|hashRate|926941481449
1758793288|latestHash|000000000000000000006f5ab3bb40188d17b59704edd797e8f0880b0ef056ea
1758793288|nextBlockETA|-6625.4385
1758793360|blockInterval|605.5615
1758793360|hashRate|926941481449
1758793360|latestHash|000000000000000000006f5ab3bb40188d17b59704edd797e8f0880b0ef056ea
1758793360|nextBlockETA|-6698.4385
1758793433|blockInterval|605.5615
1758793433|hashRate|926941481449
1758793433|latestHash|000000000000000000006f5ab3bb40188d17b59704edd797e8f0880b0ef056ea
1758793433|nextBlockETA|-6770.4385
1758793505|blockInterval|605.5615
1758793505|hashRate|926941481449
1758793505|latestHash|00000000000000000000fae7366b42f0697afc018294388b2a06b5ecdc588c9d
1758793505|nextBlockETA|-6843.4385
1758793578|blockInterval|605.5615
1758793578|hashRate|926941481449
1758793578|latestHash|00000000000000000000fae7366b42f0697afc018294388b2a06b5ecdc588c9d
1758793578|nextBlockETA|-6915.4385
1758793650|blockInterval|605.5615
1758793650|hashRate|926941481449
1758793650|latestHash|000000000000000000006f5ab3bb40188d17b59704edd797e8f0880b0ef056ea
1758793650|nextBlockETA|-6988.4385
1758793723|blockInterval|605.5615
1758793723|hashRate|926941481449
1758793723|latestHash|00000000000000000000fae7366b42f0697afc018294388b2a06b5ecdc588c9d
1758793723|nextBlockETA|-7060.4385
1758793795|blockInterval|606.8992
1758793795|hashRate|919865592278
1758793795|latestHash|000000000000000000006f5ab3bb40188d17b59704edd797e8f0880b0ef056ea
1758793795|nextBlockETA|-7132.1008
1758793868|blockInterval|605.2868
1758793868|hashRate|969396816477
1758793868|latestHash|00000000000000000000fae7366b42f0697afc018294388b2a06b5ecdc588c9d
1758793868|nextBlockETA|-3176.7132
1758793940|blockInterval|605.2868
1758793940|hashRate|969396816477
1758793940|latestHash|00000000000000000000fae7366b42f0697afc018294388b2a06b5ecdc588c9d
1758793940|nextBlockETA|-3249.7132
1758794013|blockInterval|605.2868
1758794013|hashRate|969396816477
1758794013|latestHash|<!DOCTYPE html>
<!--[if lt IE 7]> <html class="no-js ie6 oldie" lang="en-US"> <![endif]-->
<!--[if IE 7]>    <html class="no-js ie7 oldie" lang="en-US"> <![endif]-->
<!--[if IE 8]>    <html class="no-js ie8 oldie" lang="en-US"> <![endif]-->
<!--[if gt IE 8]><!--> <html class="no-js" lang="en-US"> <!--<![endif]-->
<head>


<title>blockchain.info | 504: Gateway time-out</title>
<meta charset="UTF-8" />
<meta http-equiv="Content-Type" content="text/html; charset=UTF-8" />
<meta http-equiv="X-UA-Compatible" content="IE=Edge" />
<meta name="robots" content="noindex, nofollow" />
<meta name="viewport" content="width=device-width,initial-scale=1" />
<link rel="stylesheet" id="cf_styles-css" href="/cdn-cgi/styles/main.css" />


</head>
<body>
<div id="cf-wrapper">
    <div id="cf-error-details" class="p-0">
        <header class="mx-auto pt-10 lg:pt-6 lg:px-8 w-240 lg:w-full mb-8">
            <h1 class="inline-block sm:block sm:mb-2 font-light text-60 lg:text-4xl text-black-dark leading-tight mr-2">
              <span class="inline-block">Gateway time-out</span>
              <span class="code-label">Error code 504</span>
            </h1>
            <div>
               Visit <a href="https://www.cloudflare.com/5xx-error-landing?utm_source=errorcode_504&utm_campaign=blockchain.info" target="_blank" rel="noopener noreferrer">cloudflare.com</a> for more information.
            </div>
            <div class="mt-3">2025-09-25 09:54:25 UTC</div>
        </header>
        <div class="my-8 bg-gradient-gray">
            <div class="w-240 lg:w-full mx-auto">
                <div class="clearfix md:px-8">
                  
<div id="cf-browser-status" class=" relative w-1/3 md:w-full py-15 md:p-0 md:py-8 md:text-left md:border-solid md:border-0 md:border-b md:border-gray-400 overflow-hidden float-left md:float-none text-center">
  <div class="relative mb-10 md:m-0">
    
    <span class="cf-icon-browser block md:hidden h-20 bg-center bg-no-repeat"></span>
    <span class="cf-icon-ok w-12 h-12 absolute left-1/2 md:left-auto md:right-0 md:top-0 -ml-6 -bottom-4"></span>
    
  </div>
  <span class="md:block w-full truncate">You</span>
  <h3 class="md:inline-block mt-3 md:mt-0 text-2xl text-gray-600 font-light leading-1.3">
    
    Browser
    
  </h3>
  <span class="leading-1.3 text-2xl text-green-success">Working</span>
</div>

<div id="cf-cloudflare-status" class=" relative w-1/3 md:w-full py-15 md:p-0 md:py-8 md:text-left md:border-solid md:border-0 md:border-b md:border-gray-400 overflow-hidden float-left md:float-none text-center">
  <div class="relative mb-10 md:m-0">
    <a href="https://www.cloudflare.com/5xx-error-landing?utm_source=errorcode_504&utm_campaign=blockchain.info" target="_blank" rel="noopener noreferrer">
    <span class="cf-icon-cloud block md:hidden h-20 bg-center bg-no-repeat"></span>
    <span class="cf-icon-ok w-12 h-12 absolute left-1/2 md:left-auto md:right-0 md:top-0 -ml-6 -bottom-4"></span>
    </a>
  </div>
  <span class="md:block w-full truncate">Minneapolis</span>
  <h3 class="md:inline-block mt-3 md:mt-0 text-2xl text-gray-600 font-light leading-1.3">
    <a href="https://www.cloudflare.com/5xx-error-landing?utm_source=errorcode_504&utm_campaign=blockchain.info" target="_blank" rel="noopener noreferrer">
    Cloudflare
    </a>
  </h3>
  <span class="leading-1.3 text-2xl text-green-success">Working</span>
</div>

<div id="cf-host-status" class="cf-error-source relative w-1/3 md:w-full py-15 md:p-0 md:py-8 md:text-left md:border-solid md:border-0 md:border-b md:border-gray-400 overflow-hidden float-left md:float-none text-center">
  <div class="relative mb-10 md:m-0">
    
    <span class="cf-icon-server block md:hidden h-20 bg-center bg-no-repeat"></span>
    <span class="cf-icon-error w-12 h-12 absolute left-1/2 md:left-auto md:right-0 md:top-0 -ml-6 -bottom-4"></span>
    
  </div>
  <span class="md:block w-full truncate">blockchain.info</span>
  <h3 class="md:inline-block mt-3 md:mt-0 text-2xl text-gray-600 font-light leading-1.3">
    
    Host
    
  </h3>
  <span class="leading-1.3 text-2xl text-red-error">Error</span>
</div>

                </div>
            </div>
        </div>

        <div class="w-240 lg:w-full mx-auto mb-8 lg:px-8">
            <div class="clearfix">
                <div class="w-1/2 md:w-full float-left pr-6 md:pb-10 md:pr-0 leading-relaxed">
                    <h2 class="text-3xl font-normal leading-1.3 mb-4">What happened?</h2>
                    <p>The web server reported a gateway time-out error.</p>
                </div>
                <div class="w-1/2 md:w-full float-left leading-relaxed">
                    <h2 class="text-3xl font-normal leading-1.3 mb-4">What can I do?</h2>
                    <p class="mb-6">Please try again in a few minutes.</p>
                </div>
            </div>
        </div>

        <div class="cf-error-footer cf-wrapper w-240 lg:w-full py-10 sm:py-4 sm:px-8 mx-auto text-center sm:text-left border-solid border-0 border-t border-gray-300">
  <p class="text-13">
    <span class="cf-footer-item sm:block sm:mb-1">Cloudflare Ray ID: <strong class="font-semibold">9849a31eae65a1c1</strong></span>
    <span class="cf-footer-separator sm:hidden">&bull;</span>
    <span id="cf-footer-item-ip" class="cf-footer-item hidden sm:block sm:mb-1">
      Your IP:
      <button type="button" id="cf-footer-ip-reveal" class="cf-footer-ip-reveal-btn">Click to reveal</button>
      <span class="hidden" id="cf-footer-ip">64.235.73.86</span>
      <span class="cf-footer-separator sm:hidden">&bull;</span>
    </span>
    <span class="cf-footer-item sm:block sm:mb-1"><span>Performance &amp; security by</span> <a rel="noopener noreferrer" href="https://www.cloudflare.com/5xx-error-landing?utm_source=errorcode_504&utm_campaign=blockchain.info" id="brand_link" target="_blank">Cloudflare</a></span>
    
  </p>
  <script>(function(){function d(){var b=a.getElementById("cf-footer-item-ip"),c=a.getElementById("cf-footer-ip-reveal");b&&"classList"in b&&(b.classList.remove("hidden"),c.addEventListener("click",function(){c.classList.add("hidden");a.getElementById("cf-footer-ip").classList.remove("hidden")}))}var a=document;document.addEventListener&&a.addEventListener("DOMContentLoaded",d)})();</script>
</div><!-- /.error-footer -->


    </div>
</div>
</body>
</html>

1758794013|nextBlockETA|-3351.7132
1758794116|blockInterval|605.2868
1758794116|hashRate|969396816477
1758794116|latestHash|00000000000000000000fae7366b42f0697afc018294388b2a06b5ecdc588c9d
1758794116|nextBlockETA|-3424.7132
1758794188|blockInterval|605.2868
1758794188|hashRate|969396816477
1758794188|latestHash|000000000000000000006f5ab3bb40188d17b59704edd797e8f0880b0ef056ea
1758794188|nextBlockETA|-3496.7852000000003
1758794261|blockInterval|606.2148
1758794261|hashRate|962320927306
1758794261|latestHash|000000000000000000006f5ab3bb40188d17b59704edd797e8f0880b0ef056ea
1758794261|nextBlockETA|-3568.7852000000003
1758794333|blockInterval|606.2148
1758794333|hashRate|962320927306
1758794333|latestHash|00000000000000000000fae7366b42f0697afc018294388b2a06b5ecdc588c9d
1758794333|nextBlockETA|-3640.7852000000003
1758794406|blockInterval|606.2148
1758794406|hashRate|962320927306
1758794406|latestHash|00000000000000000000fae7366b42f0697afc018294388b2a06b5ecdc588c9d
1758794406|nextBlockETA|-3713.7852000000003
1758794478|blockInterval|606.2148
1758794478|hashRate|962320927306
1758794478|latestHash|00000000000000000000fae7366b42f0697afc018294388b2a06b5ecdc588c9d
1758794478|nextBlockETA|-3785.7852000000003
1758794551|blockInterval|606.2148
1758794551|hashRate|962320927306
1758794551|latestHash|000000000000000000006f5ab3bb40188d17b59704edd797e8f0880b0ef056ea
1758794551|nextBlockETA|-3858.7852000000003
1758794623|blockInterval|606.2148
1758794623|hashRate|962320927306
1758794623|latestHash|000000000000000000006f5ab3bb40188d17b59704edd797e8f0880b0ef056ea
1758794623|nextBlockETA|-3930.7852000000003
1758794696|blockInterval|610.3731
1758794696|hashRate|962320927306
1758794696|latestHash|000000000000000000006f5ab3bb40188d17b59704edd797e8f0880b0ef056ea
1758794696|nextBlockETA|-3999.6269
1758794768|blockInterval|613.1579
1758794768|hashRate|948169148963
1758794768|latestHash|00000000000000000000fae7366b42f0697afc018294388b2a06b5ecdc588c9d
1758794768|nextBlockETA|-4069.8421
1758794841|blockInterval|613.1579
1758794841|hashRate|948169148963
1758794841|latestHash|00000000000000000000fae7366b42f0697afc018294388b2a06b5ecdc588c9d
1758794841|nextBlockETA|-4141.8421
1758794913|blockInterval|613.1579
1758794913|hashRate|948169148963
1758794913|latestHash|00000000000000000000fae7366b42f0697afc018294388b2a06b5ecdc588c9d
1758794913|nextBlockETA|-4214.8421
1758794986|blockInterval|616.5985
1758794986|hashRate|941093259792
1758794986|latestHash|000000000000000000006f5ab3bb40188d17b59704edd797e8f0880b0ef056ea
1758794986|nextBlockETA|-4284.4015
1758795059|blockInterval|616.5985
1758795059|hashRate|941093259792
1758795059|latestHash|00000000000000000000fae7366b42f0697afc018294388b2a06b5ecdc588c9d
1758795059|nextBlockETA|-4356.4015
1758795131|blockInterval|617.4198
1758795131|hashRate|941093259792
1758795131|latestHash|00000000000000000000fae7366b42f0697afc018294388b2a06b5ecdc588c9d
1758795131|nextBlockETA|-4428.5802
1758795204|blockInterval|617.4198
1758795204|hashRate|934017370621
1758795204|latestHash|00000000000000000000fae7366b42f0697afc018294388b2a06b5ecdc588c9d
1758795204|nextBlockETA|-4500.5802
1758795276|blockInterval|617.4198
1758795276|hashRate|934017370621
1758795276|latestHash|00000000000000000001c0a6f9279b3b668e5f89d0e315a9d8be0bea648aa6bb
1758795276|nextBlockETA|-4573.5802
1758795349|blockInterval|617.4198
1758795349|hashRate|934017370621
1758795349|latestHash|00000000000000000001c0a6f9279b3b668e5f89d0e315a9d8be0bea648aa6bb
1758795349|nextBlockETA|-4645.5802
1758795422|blockInterval|617.4198
1758795422|hashRate|934017370621
1758795422|latestHash|00000000000000000001c0a6f9279b3b668e5f89d0e315a9d8be0bea648aa6bb
1758795422|nextBlockETA|-4718.5802
1758795494|blockInterval|617.4198
1758795494|hashRate|934017370621
1758795494|latestHash|00000000000000000001c0a6f9279b3b668e5f89d0e315a9d8be0bea648aa6bb
1758795494|nextBlockETA|-4791.5802
1758795567|blockInterval|617.4198
1758795567|hashRate|934017370621
1758795567|latestHash|00000000000000000001c0a6f9279b3b668e5f89d0e315a9d8be0bea648aa6bb
1758795567|nextBlockETA|-4863.5802
1758795639|blockInterval|620.8846
1758795639|hashRate|926941481449
1758795639|latestHash|00000000000000000001c0a6f9279b3b668e5f89d0e315a9d8be0bea648aa6bb
1758795639|nextBlockETA|-4933.1154
1758795712|blockInterval|620.8846
1758795712|hashRate|926941481449
1758795712|latestHash|00000000000000000001c0a6f9279b3b668e5f89d0e315a9d8be0bea648aa6bb
1758795712|nextBlockETA|-5005.1154
1758795784|blockInterval|620.8846
1758795784|hashRate|926941481449
1758795784|latestHash|00000000000000000001c0a6f9279b3b668e5f89d0e315a9d8be0bea648aa6bb
1758795784|nextBlockETA|-5073.3566
1758795856|blockInterval|624.6434
1758795856|hashRate|919865592278
1758795856|latestHash|00000000000000000001c0a6f9279b3b668e5f89d0e315a9d8be0bea648aa6bb
1758795856|nextBlockETA|-5146.3566
1758795929|blockInterval|624.6434
1758795929|hashRate|919865592278
1758795929|latestHash|00000000000000000001c0a6f9279b3b668e5f89d0e315a9d8be0bea648aa6bb
1758795929|nextBlockETA|-5234.6094
1758796001|blockInterval|608.3906
1758796001|hashRate|912789703106
1758796001|latestHash|00000000000000000001c0a6f9279b3b668e5f89d0e315a9d8be0bea648aa6bb
1758796001|nextBlockETA|-5307.6094
1758796074|blockInterval|608.3906
1758796074|hashRate|912789703106
1758796074|latestHash|00000000000000000001c0a6f9279b3b668e5f89d0e315a9d8be0bea648aa6bb
1758796074|nextBlockETA|-5379.6094
1758796147|blockInterval|608.3906
1758796147|hashRate|912789703106
1758796147|latestHash|00000000000000000001c0a6f9279b3b668e5f89d0e315a9d8be0bea648aa6bb
1758796147|nextBlockETA|-5452.6094
1758796219|blockInterval|608.3906
1758796219|hashRate|912789703106
1758796219|latestHash|00000000000000000001c0a6f9279b3b668e5f89d0e315a9d8be0bea648aa6bb
1758796219|nextBlockETA|-5525.6094
1758796292|blockInterval|608.3906
1758796292|hashRate|912789703106
1758796292|latestHash|00000000000000000001c0a6f9279b3b668e5f89d0e315a9d8be0bea648aa6bb
1758796292|nextBlockETA|-5597.6094
1758796364|blockInterval|608.3906
1758796364|hashRate|912789703106
1758796364|latestHash|00000000000000000001c0a6f9279b3b668e5f89d0e315a9d8be0bea648aa6bb
1758796364|nextBlockETA|-5670.6094
1758796437|blockInterval|608.3906
1758796437|hashRate|912789703106
1758796437|latestHash|00000000000000000001c0a6f9279b3b668e5f89d0e315a9d8be0bea648aa6bb
1758796437|nextBlockETA|-5742.6094
1758796510|blockInterval|608.3906
1758796510|hashRate|912789703106
1758796510|latestHash|00000000000000000001c0a6f9279b3b668e5f89d0e315a9d8be0bea648aa6bb
1758796510|nextBlockETA|-5815.6094
1758796582|blockInterval|608.3906
1758796582|hashRate|912789703106
1758796582|latestHash|00000000000000000001c0a6f9279b3b668e5f89d0e315a9d8be0bea648aa6bb
1758796582|nextBlockETA|-5888.6094
1758796655|blockInterval|608.3906
1758796655|hashRate|912789703106
1758796655|latestHash|00000000000000000001c0a6f9279b3b668e5f89d0e315a9d8be0bea648aa6bb
1758796655|nextBlockETA|-5960.6094
1758796728|blockInterval|608.3906
1758796728|hashRate|912789703106
1758796728|latestHash|00000000000000000001c0a6f9279b3b668e5f89d0e315a9d8be0bea648aa6bb
1758796728|nextBlockETA|-6033.6094
1758796800|blockInterval|608.3906
1758796800|hashRate|912789703106
1758796800|latestHash|00000000000000000001c0a6f9279b3b668e5f89d0e315a9d8be0bea648aa6bb
1758796800|nextBlockETA|-6105.6094
1758796873|blockInterval|608.3906
1758796873|hashRate|912789703106
1758796873|latestHash|00000000000000000001c0a6f9279b3b668e5f89d0e315a9d8be0bea648aa6bb
1758796873|nextBlockETA|-6178.6094
1758796945|blockInterval|608.3906
1758796945|hashRate|912789703106
1758796945|latestHash|00000000000000000001c0a6f9279b3b668e5f89d0e315a9d8be0bea648aa6bb
1758796945|nextBlockETA|-6250.6094
1758797017|blockInterval|608.3906
1758797017|hashRate|912789703106
1758797017|latestHash|0000000000000000000103256110eadfa3ff12ce38efbc4fec7eea144195dc32
1758797017|nextBlockETA|-6323.6094
1758797090|blockInterval|608.3906
1758797090|hashRate|912789703106
1758797090|latestHash|0000000000000000000103256110eadfa3ff12ce38efbc4fec7eea144195dc32
1758797090|nextBlockETA|-6395.6094
1758797162|blockInterval|608.3906
1758797162|hashRate|912789703106
1758797162|latestHash|0000000000000000000103256110eadfa3ff12ce38efbc4fec7eea144195dc32
1758797162|nextBlockETA|-6468.6094
1758797235|blockInterval|608.3906
1758797235|hashRate|912789703106
1758797235|latestHash|0000000000000000000103256110eadfa3ff12ce38efbc4fec7eea144195dc32
1758797235|nextBlockETA|-6540.6094
1758797307|blockInterval|608.3906
1758797307|hashRate|912789703106
1758797307|latestHash|0000000000000000000103256110eadfa3ff12ce38efbc4fec7eea144195dc32
1758797307|nextBlockETA|-6612.6094
1758797380|blockInterval|608.3906
1758797380|hashRate|912789703106
1758797380|latestHash|0000000000000000000103256110eadfa3ff12ce38efbc4fec7eea144195dc32
1758797380|nextBlockETA|-6685.6094
1758797452|blockInterval|608.3906
1758797452|hashRate|912789703106
1758797452|latestHash|0000000000000000000103256110eadfa3ff12ce38efbc4fec7eea144195dc32
1758797452|nextBlockETA|-6757.6094
1758797524|blockInterval|608.3906
1758797524|hashRate|912789703106
1758797524|latestHash|0000000000000000000103256110eadfa3ff12ce38efbc4fec7eea144195dc32
1758797524|nextBlockETA|-6830.6094
1758797597|blockInterval|608.3906
1758797597|hashRate|912789703106
1758797597|latestHash|0000000000000000000103256110eadfa3ff12ce38efbc4fec7eea144195dc32
1758797597|nextBlockETA|-6903.6094
1758797670|blockInterval|608.3906
1758797670|hashRate|912789703106
1758797670|latestHash|0000000000000000000103256110eadfa3ff12ce38efbc4fec7eea144195dc32
1758797670|nextBlockETA|-6988.1176
1758797743|blockInterval|595.8824
1758797743|hashRate|969396816477
1758797743|latestHash|0000000000000000000103256110eadfa3ff12ce38efbc4fec7eea144195dc32
1758797743|nextBlockETA|-3895.1176
1758797815|blockInterval|595.8824
1758797815|hashRate|969396816477
1758797815|latestHash|0000000000000000000103256110eadfa3ff12ce38efbc4fec7eea144195dc32
1758797815|nextBlockETA|-3968.1176
1758797888|blockInterval|595.8824
1758797888|hashRate|969396816477
1758797888|latestHash|0000000000000000000103256110eadfa3ff12ce38efbc4fec7eea144195dc32
1758797888|nextBlockETA|-4040.1176
1758797961|blockInterval|595.8824
1758797961|hashRate|969396816477
1758797961|latestHash|0000000000000000000103256110eadfa3ff12ce38efbc4fec7eea144195dc32
1758797961|nextBlockETA|-4113.1176
1758798033|blockInterval|595.8824
1758798033|hashRate|969396816477
1758798033|latestHash|0000000000000000000103256110eadfa3ff12ce38efbc4fec7eea144195dc32
1758798033|nextBlockETA|-4186.1176
1758798106|blockInterval|595.8824
1758798106|hashRate|969396816477
1758798106|latestHash|0000000000000000000103256110eadfa3ff12ce38efbc4fec7eea144195dc32
1758798106|nextBlockETA|-4258.1176
1758798178|blockInterval|595.8824
1758798178|hashRate|969396816477
1758798178|latestHash|0000000000000000000103256110eadfa3ff12ce38efbc4fec7eea144195dc32
1758798178|nextBlockETA|-4331.1176
1758798251|blockInterval|595.8824
1758798251|hashRate|969396816477
1758798251|latestHash|0000000000000000000103256110eadfa3ff12ce38efbc4fec7eea144195dc32
1758798251|nextBlockETA|-4403.1176
1758798323|blockInterval|595.8824
1758798323|hashRate|969396816477
1758798323|latestHash|0000000000000000000103256110eadfa3ff12ce38efbc4fec7eea144195dc32
1758798323|nextBlockETA|-4476.1176
1758798396|blockInterval|595.8824
1758798396|hashRate|969396816477
1758798396|latestHash|0000000000000000000103256110eadfa3ff12ce38efbc4fec7eea144195dc32
1758798396|nextBlockETA|-4548.1176
1758798468|blockInterval|595.8824
1758798468|hashRate|969396816477
1758798468|latestHash|000000000000000000007f7f98fa84d982bec63c691cc3f24482d36ae5e56607
1758798468|nextBlockETA|-4621.1176
1758798541|blockInterval|595.8824
1758798541|hashRate|969396816477
1758798541|latestHash|000000000000000000007f7f98fa84d982bec63c691cc3f24482d36ae5e56607
1758798541|nextBlockETA|-4694.1176
1758798614|blockInterval|595.8824
1758798614|hashRate|969396816477
1758798614|latestHash|000000000000000000007f7f98fa84d982bec63c691cc3f24482d36ae5e56607
1758798614|nextBlockETA|-4766.237
1758798687|blockInterval|595.763
1758798687|hashRate|962320927306
1758798687|latestHash|000000000000000000007f7f98fa84d982bec63c691cc3f24482d36ae5e56607
1758798687|nextBlockETA|-4839.237
1758798759|blockInterval|595.763
1758798759|hashRate|962320927306
1758798759|latestHash|000000000000000000007f7f98fa84d982bec63c691cc3f24482d36ae5e56607
1758798759|nextBlockETA|-4912.237
1758798832|blockInterval|595.763
1758798832|hashRate|962320927306
1758798832|latestHash|000000000000000000007f7f98fa84d982bec63c691cc3f24482d36ae5e56607
1758798832|nextBlockETA|-4984.237
1758798904|blockInterval|595.763
1758798904|hashRate|962320927306
1758798904|latestHash|000000000000000000007f7f98fa84d982bec63c691cc3f24482d36ae5e56607
1758798904|nextBlockETA|-5057.237
1758798977|blockInterval|595.763
1758798977|hashRate|962320927306
1758798977|latestHash|000000000000000000007f7f98fa84d982bec63c691cc3f24482d36ae5e56607
1758798977|nextBlockETA|-5129.237
1758799050|blockInterval|595.763
1758799050|hashRate|962320927306
1758799050|latestHash|000000000000000000007f7f98fa84d982bec63c691cc3f24482d36ae5e56607
1758799050|nextBlockETA|-5202.237
1758799122|blockInterval|595.763
1758799122|hashRate|962320927306
1758799122|latestHash|000000000000000000007f7f98fa84d982bec63c691cc3f24482d36ae5e56607
1758799122|nextBlockETA|-5275.237
1758799195|blockInterval|595.763
1758799195|hashRate|962320927306
1758799195|latestHash|000000000000000000007f7f98fa84d982bec63c691cc3f24482d36ae5e56607
1758799195|nextBlockETA|-5347.237
1758799267|blockInterval|597.0896
1758799267|hashRate|962320927306
1758799267|latestHash|000000000000000000007f7f98fa84d982bec63c691cc3f24482d36ae5e56607
1758799267|nextBlockETA|-5417.9104
1758799339|blockInterval|597.0896
1758799339|hashRate|955245038135
1758799339|latestHash|00000000000000000000e5d83856142331771d54c68098d7d152a8ad15710ad4
1758799339|nextBlockETA|-5489.9104
1758799411|blockInterval|597.0896
1758799411|hashRate|955245038135
1758799411|latestHash|00000000000000000000b7803883065fd9453d3009a210913fb0163152239558
1758799411|nextBlockETA|-5562.9104
1758799484|blockInterval|597.0896
1758799484|hashRate|955245038135
1758799484|latestHash|00000000000000000000b7803883065fd9453d3009a210913fb0163152239558
1758799484|nextBlockETA|-5635.9104
1758799557|blockInterval|597.0896
1758799557|hashRate|955245038135
1758799557|latestHash|00000000000000000000b7803883065fd9453d3009a210913fb0163152239558
1758799557|nextBlockETA|-5707.9104
1758799629|blockInterval|597.0896
1758799629|hashRate|955245038135
1758799629|latestHash|00000000000000000000b7803883065fd9453d3009a210913fb0163152239558
1758799629|nextBlockETA|-5780.9104
1758799702|blockInterval|601.0902
1758799702|hashRate|955245038135
1758799702|latestHash|00000000000000000000b7803883065fd9453d3009a210913fb0163152239558
1758799702|nextBlockETA|-5849.9098
1758799775|blockInterval|601.8182
1758799775|hashRate|941093259792
1758799775|latestHash|00000000000000000000b7803883065fd9453d3009a210913fb0163152239558
1758799775|nextBlockETA|-5921.1818
1758799847|blockInterval|601.8182
1758799847|hashRate|941093259792
1758799847|latestHash|00000000000000000000b7803883065fd9453d3009a210913fb0163152239558
1758799847|nextBlockETA|-5994.1818
1758799920|blockInterval|601.8182
1758799920|hashRate|941093259792
1758799920|latestHash|00000000000000000000b7803883065fd9453d3009a210913fb0163152239558
1758799920|nextBlockETA|-6067.1818
1758799993|blockInterval|601.8182
1758799993|hashRate|941093259792
1758799993|latestHash|00000000000000000000b7803883065fd9453d3009a210913fb0163152239558
1758799993|nextBlockETA|-6139.1818
1758800065|blockInterval|601.8182
1758800065|hashRate|941093259792
1758800065|latestHash|00000000000000000000b7803883065fd9453d3009a210913fb0163152239558
1758800065|nextBlockETA|-6211.1818
1758800137|blockInterval|601.8182
1758800137|hashRate|941093259792
1758800137|latestHash|00000000000000000000b7803883065fd9453d3009a210913fb0163152239558
1758800137|nextBlockETA|-6283.1818
1758800210|blockInterval|601.8182
1758800210|hashRate|941093259792
1758800210|latestHash|00000000000000000000b7803883065fd9453d3009a210913fb0163152239558
1758800210|nextBlockETA|-6356.1818
1758800282|blockInterval|596.771
1758800282|hashRate|934017370621
1758800282|latestHash|00000000000000000000b7803883065fd9453d3009a210913fb0163152239558
1758800282|nextBlockETA|-6433.229
1758800354|blockInterval|596.771
1758800354|hashRate|934017370621
1758800354|latestHash|00000000000000000000b7803883065fd9453d3009a210913fb0163152239558
1758800354|nextBlockETA|-6505.229
1758800427|blockInterval|596.771
1758800427|hashRate|934017370621
1758800427|latestHash|00000000000000000000b7803883065fd9453d3009a210913fb0163152239558
1758800427|nextBlockETA|-6578.229
1758800499|blockInterval|596.771
1758800499|hashRate|934017370621
1758800499|latestHash|00000000000000000001b1cb873c30c3622a0b516f8ef0c29564fd2ef05b7b0e
1758800499|nextBlockETA|-6650.229
1758800572|blockInterval|596.771
1758800572|hashRate|934017370621
1758800572|latestHash|00000000000000000001b1cb873c30c3622a0b516f8ef0c29564fd2ef05b7b0e
1758800572|nextBlockETA|-6723.229
1758800644|blockInterval|596.771
1758800644|hashRate|934017370621
1758800644|latestHash|00000000000000000001b1cb873c30c3622a0b516f8ef0c29564fd2ef05b7b0e
1758800644|nextBlockETA|-6796.229
1758800717|blockInterval|596.771
1758800717|hashRate|934017370621
1758800717|latestHash|00000000000000000001b1cb873c30c3622a0b516f8ef0c29564fd2ef05b7b0e
1758800717|nextBlockETA|-6869.229
1758800790|blockInterval|596.771
1758800790|hashRate|934017370621
1758800790|latestHash|00000000000000000001b1cb873c30c3622a0b516f8ef0c29564fd2ef05b7b0e
1758800790|nextBlockETA|-6941.229
1758800862|blockInterval|596.771
1758800862|hashRate|934017370621
1758800862|latestHash|000000000000000000019c2e42be03bb54b22ab8fc5abd6ffcd1ef6c0a92d267
1758800862|nextBlockETA|-7014.229
1758800935|blockInterval|596.771
1758800935|hashRate|934017370621
1758800935|latestHash|000000000000000000019c2e42be03bb54b22ab8fc5abd6ffcd1ef6c0a92d267
1758800935|nextBlockETA|-7086.229
1758801007|blockInterval|596.771
1758801007|hashRate|934017370621
1758801007|latestHash|000000000000000000019c2e42be03bb54b22ab8fc5abd6ffcd1ef6c0a92d267
1758801007|nextBlockETA|-7159.229
1758801080|blockInterval|596.771
1758801080|hashRate|934017370621
1758801080|latestHash|000000000000000000019c2e42be03bb54b22ab8fc5abd6ffcd1ef6c0a92d267
1758801080|nextBlockETA|-7212.4436
1758801152|blockInterval|615.5564
1758801152|hashRate|948169148963
1758801152|latestHash|000000000000000000019c2e42be03bb54b22ab8fc5abd6ffcd1ef6c0a92d267
1758801152|nextBlockETA|-3592.4436
1758801225|blockInterval|615.5564
1758801225|hashRate|948169148963
1758801225|latestHash|000000000000000000019c2e42be03bb54b22ab8fc5abd6ffcd1ef6c0a92d267
1758801225|nextBlockETA|-3665.4436
1758801297|blockInterval|615.5564
1758801297|hashRate|948169148963
1758801297|latestHash|00000000000000000000733845bf2d4553b589eebe1f57b0ec84a120784c1486
1758801297|nextBlockETA|-3737.4436
1758801369|blockInterval|615.5564
1758801369|hashRate|948169148963
1758801369|latestHash|00000000000000000000733845bf2d4553b589eebe1f57b0ec84a120784c1486
1758801369|nextBlockETA|-3810.4436
1758801442|blockInterval|615.5564
1758801442|hashRate|948169148963
1758801442|latestHash|00000000000000000000733845bf2d4553b589eebe1f57b0ec84a120784c1486
1758801442|nextBlockETA|-3882.4436
1758801514|blockInterval|619.8258
1758801514|hashRate|948169148963
1758801514|latestHash|00000000000000000000733845bf2d4553b589eebe1f57b0ec84a120784c1486
1758801514|nextBlockETA|-3951.1742
1758801587|blockInterval|622.1298
1758801587|hashRate|934017370621
1758801587|latestHash|00000000000000000000733845bf2d4553b589eebe1f57b0ec84a120784c1486
1758801587|nextBlockETA|-4020.8702
1758801659|blockInterval|622.1298
1758801659|hashRate|934017370621
1758801659|latestHash|00000000000000000000733845bf2d4553b589eebe1f57b0ec84a120784c1486
1758801659|nextBlockETA|-4093.8702
1758801732|blockInterval|622.1298
1758801732|hashRate|934017370621
1758801732|latestHash|00000000000000000000733845bf2d4553b589eebe1f57b0ec84a120784c1486
1758801732|nextBlockETA|-4165.8702
1758801805|blockInterval|622.1298
1758801805|hashRate|934017370621
1758801805|latestHash|00000000000000000000733845bf2d4553b589eebe1f57b0ec84a120784c1486
1758801805|nextBlockETA|-4238.8702
1758801877|blockInterval|620.9308
1758801877|hashRate|934017370621
1758801877|latestHash|000000000000000000017482a6a55d314afa9416e060ab6480a6dfc842e17bcf
1758801877|nextBlockETA|-4313.0692
1758801950|blockInterval|620.9308
1758801950|hashRate|926941481449
1758801950|latestHash|000000000000000000017482a6a55d314afa9416e060ab6480a6dfc842e17bcf
1758801950|nextBlockETA|-4386.0692
1758802023|blockInterval|620.9308
1758802023|hashRate|926941481449
1758802023|latestHash|000000000000000000017482a6a55d314afa9416e060ab6480a6dfc842e17bcf
1758802023|nextBlockETA|-4458.0692
1758802096|blockInterval|620.9308
1758802096|hashRate|926941481449
1758802096|latestHash|000000000000000000017482a6a55d314afa9416e060ab6480a6dfc842e17bcf
1758802096|nextBlockETA|-4531.0692
1758802168|blockInterval|620.9308
1758802168|hashRate|926941481449
1758802168|latestHash|000000000000000000017482a6a55d314afa9416e060ab6480a6dfc842e17bcf
1758802168|nextBlockETA|-4604.0692
1758802241|blockInterval|620.9308
1758802241|hashRate|926941481449
1758802241|latestHash|000000000000000000017482a6a55d314afa9416e060ab6480a6dfc842e17bcf
1758802241|nextBlockETA|-4676.0692
1758802313|blockInterval|620.9308
1758802313|hashRate|926941481449
1758802313|latestHash|000000000000000000017482a6a55d314afa9416e060ab6480a6dfc842e17bcf
1758802313|nextBlockETA|-4748.0692
1758802386|blockInterval|620.9308
1758802386|hashRate|926941481449
1758802386|latestHash|000000000000000000017482a6a55d314afa9416e060ab6480a6dfc842e17bcf
1758802386|nextBlockETA|-4821.0692
1758802458|blockInterval|620.9308
1758802458|hashRate|926941481449
1758802458|latestHash|000000000000000000017482a6a55d314afa9416e060ab6480a6dfc842e17bcf
1758802458|nextBlockETA|-4893.0692
1758802530|blockInterval|620.9308
1758802530|hashRate|926941481449
1758802530|latestHash|000000000000000000017482a6a55d314afa9416e060ab6480a6dfc842e17bcf
1758802530|nextBlockETA|-4965.0692
1758802603|blockInterval|620.9308
1758802603|hashRate|926941481449
1758802603|latestHash|000000000000000000017482a6a55d314afa9416e060ab6480a6dfc842e17bcf
1758802603|nextBlockETA|-5038.0692
1758802675|blockInterval|624.8062
1758802675|hashRate|919865592278
1758802675|latestHash|000000000000000000017482a6a55d314afa9416e060ab6480a6dfc842e17bcf
1758802675|nextBlockETA|-5107.1938
1758802748|blockInterval|624.8062
1758802748|hashRate|919865592278
1758802748|latestHash|000000000000000000017482a6a55d314afa9416e060ab6480a6dfc842e17bcf
1758802748|nextBlockETA|-5175.6484
1758802820|blockInterval|628.3516
1758802820|hashRate|912789703106
1758802820|latestHash|000000000000000000017482a6a55d314afa9416e060ab6480a6dfc842e17bcf
1758802820|nextBlockETA|-5248.6484
1758802893|blockInterval|628.3516
1758802893|hashRate|912789703106
1758802893|latestHash|00000000000000000000bf0c68c5b31b65a8f53618231a16fc9ffcdfb99d9361
1758802893|nextBlockETA|-5321.6484
1758802966|blockInterval|630.0472
1758802966|hashRate|912789703106
1758802966|latestHash|00000000000000000000bf0c68c5b31b65a8f53618231a16fc9ffcdfb99d9361
1758802966|nextBlockETA|-5391.9528
1758803038|blockInterval|630.0472
1758803038|hashRate|905713813935
1758803038|latestHash|00000000000000000000bf0c68c5b31b65a8f53618231a16fc9ffcdfb99d9361
1758803038|nextBlockETA|-5463.9528
1758803111|blockInterval|630.0472
1758803111|hashRate|905713813935
1758803111|latestHash|00000000000000000000bf0c68c5b31b65a8f53618231a16fc9ffcdfb99d9361
1758803111|nextBlockETA|-5536.9528
1758803183|blockInterval|630.0472
1758803183|hashRate|905713813935
1758803183|latestHash|00000000000000000000bf0c68c5b31b65a8f53618231a16fc9ffcdfb99d9361
1758803183|nextBlockETA|-5608.9528
1758803255|blockInterval|630.0472
1758803255|hashRate|905713813935
1758803255|latestHash|00000000000000000000bf0c68c5b31b65a8f53618231a16fc9ffcdfb99d9361
1758803255|nextBlockETA|-5681.9528
1758803328|blockInterval|630.0472
1758803328|hashRate|905713813935
1758803328|latestHash|00000000000000000000bf0c68c5b31b65a8f53618231a16fc9ffcdfb99d9361
1758803328|nextBlockETA|-5752.2381000000005
1758803401|blockInterval|632.7619
1758803401|hashRate|898637924764
1758803401|latestHash|00000000000000000000bf0c68c5b31b65a8f53618231a16fc9ffcdfb99d9361
1758803401|nextBlockETA|-5824.2381000000005
1758803473|blockInterval|632.7619
1758803473|hashRate|898637924764
1758803473|latestHash|00000000000000000000bf0c68c5b31b65a8f53618231a16fc9ffcdfb99d9361
1758803473|nextBlockETA|-5897.2381000000005
1758803546|blockInterval|632.7619
1758803546|hashRate|898637924764
1758803546|latestHash|00000000000000000000bf0c68c5b31b65a8f53618231a16fc9ffcdfb99d9361
1758803546|nextBlockETA|-5969.2381000000005
1758803619|blockInterval|632.7619
1758803619|hashRate|898637924764
1758803619|latestHash|00000000000000000000bf0c68c5b31b65a8f53618231a16fc9ffcdfb99d9361
1758803619|nextBlockETA|-6040.2880000000005
1758803691|blockInterval|634.712
1758803691|hashRate|891562035592
1758803691|latestHash|00000000000000000000bf0c68c5b31b65a8f53618231a16fc9ffcdfb99d9361
1758803691|nextBlockETA|-6113.2880000000005
1758803764|blockInterval|634.712
1758803764|hashRate|891562035592
1758803764|latestHash|00000000000000000000bf0c68c5b31b65a8f53618231a16fc9ffcdfb99d9361
1758803764|nextBlockETA|-6185.2880000000005
1758803836|blockInterval|634.712
1758803836|hashRate|891562035592
1758803836|latestHash|00000000000000000000bf0c68c5b31b65a8f53618231a16fc9ffcdfb99d9361
1758803836|nextBlockETA|-6258.2880000000005
1758803909|blockInterval|634.712
1758803909|hashRate|891562035592
1758803909|latestHash|00000000000000000000bf0c68c5b31b65a8f53618231a16fc9ffcdfb99d9361
1758803909|nextBlockETA|-6331.2880000000005
1758803982|blockInterval|634.712
1758803982|hashRate|891562035592
1758803982|latestHash|00000000000000000000d83bfdd5b2c245537ba0057cae79617debe486fc98a0
1758803982|nextBlockETA|-6403.2880000000005
1758804055|blockInterval|632.0565
1758804055|hashRate|884486146421
1758804055|latestHash|00000000000000000000d83bfdd5b2c245537ba0057cae79617debe486fc98a0
1758804055|nextBlockETA|-6478.9435
1758804127|blockInterval|632.0565
1758804127|hashRate|884486146421
1758804127|latestHash|00000000000000000000d83bfdd5b2c245537ba0057cae79617debe486fc98a0
1758804127|nextBlockETA|-6551.9435
1758804200|blockInterval|632.0565
1758804200|hashRate|884486146421
1758804200|latestHash|00000000000000000000d83bfdd5b2c245537ba0057cae79617debe486fc98a0
1758804200|nextBlockETA|-6624.9435
1758804273|blockInterval|632.0565
1758804273|hashRate|884486146421
1758804273|latestHash|00000000000000000000d83bfdd5b2c245537ba0057cae79617debe486fc98a0
1758804273|nextBlockETA|-6696.9435
1758804345|blockInterval|632.0565
1758804345|hashRate|884486146421
1758804345|latestHash|00000000000000000000d83bfdd5b2c245537ba0057cae79617debe486fc98a0
1758804345|nextBlockETA|-6769.9435
1758804418|blockInterval|632.0565
1758804418|hashRate|884486146421
1758804418|latestHash|00000000000000000000d83bfdd5b2c245537ba0057cae79617debe486fc98a0
1758804418|nextBlockETA|-6842.9435
1758804491|blockInterval|632.0565
1758804491|hashRate|884486146421
1758804491|latestHash|00000000000000000000d83bfdd5b2c245537ba0057cae79617debe486fc98a0
1758804491|nextBlockETA|-6915.9435
1758804564|blockInterval|632.0565
1758804564|hashRate|884486146421
1758804564|latestHash|00000000000000000000d83bfdd5b2c245537ba0057cae79617debe486fc98a0
1758804564|nextBlockETA|-6987.9435
1758804636|blockInterval|632.0565
1758804636|hashRate|884486146421
1758804636|latestHash|00000000000000000000d83bfdd5b2c245537ba0057cae79617debe486fc98a0
1758804636|nextBlockETA|-7060.9435
1758804709|blockInterval|636.0846
1758804709|hashRate|884486146421
1758804709|latestHash|00000000000000000000bf9a663847d78dca9cad7b708c51970878c547d9c95e
1758804709|nextBlockETA|-2812.9154
1758804781|blockInterval|636.0846
1758804781|hashRate|926941481449
1758804781|latestHash|00000000000000000000bf9a663847d78dca9cad7b708c51970878c547d9c95e
1758804781|nextBlockETA|-2885.9154
1758804854|blockInterval|636.0846
1758804854|hashRate|926941481449
1758804854|latestHash|00000000000000000000bf9a663847d78dca9cad7b708c51970878c547d9c95e
1758804854|nextBlockETA|-2958.9154
1758804927|blockInterval|636.0846
1758804927|hashRate|926941481449
1758804927|latestHash|00000000000000000000bf9a663847d78dca9cad7b708c51970878c547d9c95e
1758804927|nextBlockETA|-3030.9154
1758804999|blockInterval|636.0846
1758804999|hashRate|919865592278
1758804999|latestHash|0000000000000000000195daf3463a4cba5384332c4db921a530e51083d806b3
1758804999|nextBlockETA|-3113.5271000000002
1758805071|blockInterval|625.4729
1758805071|hashRate|919865592278
1758805071|latestHash|0000000000000000000195daf3463a4cba5384332c4db921a530e51083d806b3
1758805071|nextBlockETA|-3186.5271000000002
1758805144|blockInterval|625.4729
1758805144|hashRate|919865592278
1758805144|latestHash|0000000000000000000195daf3463a4cba5384332c4db921a530e51083d806b3
1758805144|nextBlockETA|-3258.5271000000002
1758805216|blockInterval|625.4729
1758805216|hashRate|919865592278
1758805216|latestHash|0000000000000000000195daf3463a4cba5384332c4db921a530e51083d806b3
1758805216|nextBlockETA|-3331.5271000000002
1758805289|blockInterval|625.4729
1758805289|hashRate|919865592278
1758805289|latestHash|000000000000000000009b1a3959af6379da513b967aa3774caae198307415f1
1758805289|nextBlockETA|-3404.5271000000002
1758805362|blockInterval|625.4729
1758805362|hashRate|919865592278
1758805362|latestHash|000000000000000000009b1a3959af6379da513b967aa3774caae198307415f1
1758805362|nextBlockETA|-3476.5271000000002
1758805435|blockInterval|625.4729
1758805435|hashRate|919865592278
1758805435|latestHash|000000000000000000009b1a3959af6379da513b967aa3774caae198307415f1
1758805435|nextBlockETA|-3549.5271000000002
1758805507|blockInterval|625.4729
1758805507|hashRate|919865592278
1758805507|latestHash|000000000000000000009b1a3959af6379da513b967aa3774caae198307415f1
1758805507|nextBlockETA|-3622.5271000000002
1758805580|blockInterval|625.4729
1758805580|hashRate|919865592278
1758805580|latestHash|000000000000000000009b1a3959af6379da513b967aa3774caae198307415f1
1758805580|nextBlockETA|-3694.5271000000002
1758805652|blockInterval|625.4729
1758805652|hashRate|919865592278
1758805652|latestHash|000000000000000000009b1a3959af6379da513b967aa3774caae198307415f1
1758805652|nextBlockETA|-3767.5271000000002
1758805725|blockInterval|625.4729
1758805725|hashRate|919865592278
1758805725|latestHash|000000000000000000009b1a3959af6379da513b967aa3774caae198307415f1
1758805725|nextBlockETA|-3839.5271000000002
1758805798|blockInterval|625.4729
1758805798|hashRate|919865592278
1758805798|latestHash|000000000000000000009b1a3959af6379da513b967aa3774caae198307415f1
1758805798|nextBlockETA|-3912.5271000000002
1758805870|blockInterval|625.4729
1758805870|hashRate|919865592278
1758805870|latestHash|000000000000000000009b1a3959af6379da513b967aa3774caae198307415f1
1758805870|nextBlockETA|-3984.5271000000002
1758805942|blockInterval|625.4729
1758805942|hashRate|919865592278
1758805942|latestHash|000000000000000000009b1a3959af6379da513b967aa3774caae198307415f1
1758805942|nextBlockETA|-4057.5271000000002
1758806015|blockInterval|625.4729
1758806015|hashRate|919865592278
1758806015|latestHash|000000000000000000009b1a3959af6379da513b967aa3774caae198307415f1
1758806015|nextBlockETA|-4129.5271
1758806087|blockInterval|625.4729
1758806087|hashRate|919865592278
1758806087|latestHash|000000000000000000009b1a3959af6379da513b967aa3774caae198307415f1
1758806087|nextBlockETA|-4202.5271
1758806160|blockInterval|625.4729
1758806160|hashRate|919865592278
1758806160|latestHash|000000000000000000009b1a3959af6379da513b967aa3774caae198307415f1
1758806160|nextBlockETA|-4275.5271
1758806233|blockInterval|625.4729
1758806233|hashRate|919865592278
1758806233|latestHash|000000000000000000009b1a3959af6379da513b967aa3774caae198307415f1
1758806233|nextBlockETA|-4347.5271
1758806305|blockInterval|625.4729
1758806305|hashRate|919865592278
1758806305|latestHash|000000000000000000009b1a3959af6379da513b967aa3774caae198307415f1
1758806305|nextBlockETA|-4420.5271
1758806378|blockInterval|625.4729
1758806378|hashRate|919865592278
1758806378|latestHash|000000000000000000009b1a3959af6379da513b967aa3774caae198307415f1
1758806378|nextBlockETA|-4493.5271
1758806451|blockInterval|625.4729
1758806451|hashRate|919865592278
1758806451|latestHash|000000000000000000009b1a3959af6379da513b967aa3774caae198307415f1
1758806451|nextBlockETA|-4565.5271
1758806523|blockInterval|625.4729
1758806523|hashRate|919865592278
1758806523|latestHash|000000000000000000009b1a3959af6379da513b967aa3774caae198307415f1
1758806523|nextBlockETA|-4638.5271
1758806596|blockInterval|625.4729
1758806596|hashRate|919865592278
1758806596|latestHash|000000000000000000009b1a3959af6379da513b967aa3774caae198307415f1
1758806596|nextBlockETA|-4710.5271
1758806669|blockInterval|625.4729
1758806669|hashRate|919865592278
1758806669|latestHash|000000000000000000009b1a3959af6379da513b967aa3774caae198307415f1
1758806669|nextBlockETA|-4783.5271
1758806741|blockInterval|625.4729
1758806741|hashRate|919865592278
1758806741|latestHash|000000000000000000009b1a3959af6379da513b967aa3774caae198307415f1
1758806741|nextBlockETA|-4856.5271
1758806814|blockInterval|625.4729
1758806814|hashRate|919865592278
1758806814|latestHash|000000000000000000009b1a3959af6379da513b967aa3774caae198307415f1
1758806814|nextBlockETA|-4928.5271
1758806886|blockInterval|625.4729
1758806886|hashRate|919865592278
1758806886|latestHash|000000000000000000009b1a3959af6379da513b967aa3774caae198307415f1
1758806886|nextBlockETA|-5001.5271
1758806959|blockInterval|625.4729
1758806959|hashRate|919865592278
1758806959|latestHash|000000000000000000009b1a3959af6379da513b967aa3774caae198307415f1
1758806959|nextBlockETA|-5073.5271
1758807031|blockInterval|627.6641
1758807031|hashRate|912789703106
1758807031|latestHash|000000000000000000009b1a3959af6379da513b967aa3774caae198307415f1
1758807031|nextBlockETA|-5144.3359
1758807104|blockInterval|627.6641
1758807104|hashRate|912789703106
1758807104|latestHash|000000000000000000009b1a3959af6379da513b967aa3774caae198307415f1
1758807104|nextBlockETA|-5217.3359
1758807177|blockInterval|627.6641
1758807177|hashRate|912789703106
1758807177|latestHash|000000000000000000009b1a3959af6379da513b967aa3774caae198307415f1
1758807177|nextBlockETA|-5290.3359
1758807250|blockInterval|627.6641
1758807250|hashRate|912789703106
1758807250|latestHash|000000000000000000009b1a3959af6379da513b967aa3774caae198307415f1
1758807250|nextBlockETA|-5362.3359
1758807322|blockInterval|627.6641
1758807322|hashRate|912789703106
1758807322|latestHash|000000000000000000009b1a3959af6379da513b967aa3774caae198307415f1
1758807322|nextBlockETA|-5431.6378
1758807395|blockInterval|631.3622
1758807395|hashRate|905713813935
1758807395|latestHash|000000000000000000014f85d8399fa145a7299d3b2c062b2e3d53b3d36112fe
1758807395|nextBlockETA|-5503.6378
1758807468|blockInterval|631.3622
1758807468|hashRate|905713813935
1758807468|latestHash|000000000000000000014f85d8399fa145a7299d3b2c062b2e3d53b3d36112fe
1758807468|nextBlockETA|-5576.6378
1758807540|blockInterval|635.3016
1758807540|hashRate|905713813935
1758807540|latestHash|000000000000000000014f85d8399fa145a7299d3b2c062b2e3d53b3d36112fe
1758807540|nextBlockETA|-5645.6984
1758807613|blockInterval|635.3016
1758807613|hashRate|898637924764
1758807613|latestHash|000000000000000000014f85d8399fa145a7299d3b2c062b2e3d53b3d36112fe
1758807613|nextBlockETA|-5713.768
1758807686|blockInterval|638.8065
1758807686|hashRate|884486146421
1758807686|latestHash|000000000000000000014f85d8399fa145a7299d3b2c062b2e3d53b3d36112fe
1758807686|nextBlockETA|-5787.1935
1758807759|blockInterval|638.8065
1758807759|hashRate|884486146421
1758807759|latestHash|000000000000000000014f85d8399fa145a7299d3b2c062b2e3d53b3d36112fe
1758807759|nextBlockETA|-5860.1935
1758807831|blockInterval|638.8065
1758807831|hashRate|884486146421
1758807831|latestHash|000000000000000000014f85d8399fa145a7299d3b2c062b2e3d53b3d36112fe
1758807831|nextBlockETA|-5932.1935
1758807904|blockInterval|638.8065
1758807904|hashRate|884486146421
1758807904|latestHash|000000000000000000014f85d8399fa145a7299d3b2c062b2e3d53b3d36112fe
1758807904|nextBlockETA|-6005.1935
1758807977|blockInterval|638.8065
1758807977|hashRate|884486146421
1758807977|latestHash|000000000000000000014f85d8399fa145a7299d3b2c062b2e3d53b3d36112fe
1758807977|nextBlockETA|-6078.1935
1758808049|blockInterval|638.8065
1758808049|hashRate|884486146421
1758808049|latestHash|000000000000000000014f85d8399fa145a7299d3b2c062b2e3d53b3d36112fe
1758808049|nextBlockETA|-6151.1935
1758808122|blockInterval|638.8065
1758808122|hashRate|884486146421
1758808122|latestHash|00000000000000000001a6e3a8f8d5f974348dde4da22cd0f942d90fa9f7948f
1758808122|nextBlockETA|-6223.1935
1758808194|blockInterval|638.8065
1758808194|hashRate|884486146421
1758808194|latestHash|00000000000000000001a6e3a8f8d5f974348dde4da22cd0f942d90fa9f7948f
1758808194|nextBlockETA|-6296.1935
1758808267|blockInterval|638.8065
1758808267|hashRate|884486146421
1758808267|latestHash|00000000000000000001a6e3a8f8d5f974348dde4da22cd0f942d90fa9f7948f
1758808267|nextBlockETA|-6368.1935
1758808339|blockInterval|638.8065
1758808339|hashRate|884486146421
1758808339|latestHash|00000000000000000001a6e3a8f8d5f974348dde4da22cd0f942d90fa9f7948f
1758808339|nextBlockETA|-2731.2248
1758808412|blockInterval|642.7752
1758808412|hashRate|919865592278
1758808412|latestHash|00000000000000000001a6e3a8f8d5f974348dde4da22cd0f942d90fa9f7948f
1758808412|nextBlockETA|-2804.2248
1758808485|blockInterval|636.6328
1758808485|hashRate|912789703106
1758808485|latestHash|000000000000000000016119760f33781a40bb5ed0d72e6d96943874b2f7ff07
1758808485|nextBlockETA|-2882.3672
1758808558|blockInterval|636.6328
1758808558|hashRate|912789703106
1758808558|latestHash|000000000000000000016119760f33781a40bb5ed0d72e6d96943874b2f7ff07
1758808558|nextBlockETA|-2955.3672
1758808630|blockInterval|636.6328
1758808630|hashRate|912789703106
1758808630|latestHash|000000000000000000016119760f33781a40bb5ed0d72e6d96943874b2f7ff07
1758808630|nextBlockETA|-3028.3672
1758808703|blockInterval|636.6328
1758808703|hashRate|912789703106
1758808703|latestHash|000000000000000000016119760f33781a40bb5ed0d72e6d96943874b2f7ff07
1758808703|nextBlockETA|-3101.3672
1758808776|blockInterval|636.6328
1758808776|hashRate|912789703106
1758808776|latestHash|00000000000000000001e99d4134b3e9b9eb78370ae5f3034df865d612431a4b
1758808776|nextBlockETA|-3173.3672
1758808848|blockInterval|636.6328
1758808848|hashRate|912789703106
1758808848|latestHash|00000000000000000001e99d4134b3e9b9eb78370ae5f3034df865d612431a4b
1758808848|nextBlockETA|-3246.3672
1758808921|blockInterval|636.6328
1758808921|hashRate|912789703106
1758808921|latestHash|00000000000000000001e99d4134b3e9b9eb78370ae5f3034df865d612431a4b
1758808921|nextBlockETA|-3319.3672
1758808994|blockInterval|636.6328
1758808994|hashRate|912789703106
1758808994|latestHash|00000000000000000001e99d4134b3e9b9eb78370ae5f3034df865d612431a4b
1758808994|nextBlockETA|-3391.3672
1758809066|blockInterval|636.6328
1758809066|hashRate|912789703106
1758809066|latestHash|00000000000000000001e99d4134b3e9b9eb78370ae5f3034df865d612431a4b
1758809100|blockInterval|636.6328
1758809100|hashRate|912789703106
1758809100|latestHash|00000000000000000001e99d4134b3e9b9eb78370ae5f3034df865d612431a4b
1758809147|blockInterval|636.6328
1758809147|hashRate|912789703106
1758809147|latestHash|00000000000000000001e99d4134b3e9b9eb78370ae5f3034df865d612431a4b
1758809194|blockInterval|636.6328
1758809194|hashRate|912789703106
1758809194|latestHash|00000000000000000001e99d4134b3e9b9eb78370ae5f3034df865d612431a4b
1758809241|blockInterval|636.6328
1758809241|hashRate|912789703106
1758809241|latestHash|00000000000000000001e99d4134b3e9b9eb78370ae5f3034df865d612431a4b
1758809288|blockInterval|636.6328
1758809288|hashRate|912789703106
1758809288|latestHash|00000000000000000001e99d4134b3e9b9eb78370ae5f3034df865d612431a4b
1758809335|blockInterval|636.6328
1758809335|hashRate|912789703106
1758809335|latestHash|00000000000000000001e99d4134b3e9b9eb78370ae5f3034df865d612431a4b
1758809382|blockInterval|636.6328
1758809382|hashRate|912789703106
1758809382|latestHash|00000000000000000001e99d4134b3e9b9eb78370ae5f3034df865d612431a4b
1758809428|blockInterval|636.6328
1758809428|hashRate|912789703106
1758809428|latestHash|00000000000000000001e99d4134b3e9b9eb78370ae5f3034df865d612431a4b
1758809475|blockInterval|636.6328
1758809475|hashRate|912789703106
1758809475|latestHash|00000000000000000001e99d4134b3e9b9eb78370ae5f3034df865d612431a4b
1758809522|blockInterval|636.6328
1758809522|hashRate|912789703106
1758809522|latestHash|00000000000000000001e99d4134b3e9b9eb78370ae5f3034df865d612431a4b
1758809569|blockInterval|636.6328
1758809569|hashRate|912789703106
1758809569|latestHash|00000000000000000001e99d4134b3e9b9eb78370ae5f3034df865d612431a4b
1758809616|blockInterval|636.6328
1758809616|hashRate|912789703106
1758809616|latestHash|00000000000000000001e99d4134b3e9b9eb78370ae5f3034df865d612431a4b
1758809663|blockInterval|636.6328
1758809663|hashRate|912789703106
1758809663|latestHash|00000000000000000001e99d4134b3e9b9eb78370ae5f3034df865d612431a4b
1758809710|blockInterval|636.6328
1758809710|hashRate|912789703106
1758809710|latestHash|00000000000000000001e99d4134b3e9b9eb78370ae5f3034df865d612431a4b
1758809757|blockInterval|636.6328
1758809757|hashRate|912789703106
1758809757|latestHash|00000000000000000001e99d4134b3e9b9eb78370ae5f3034df865d612431a4b
1758809803|blockInterval|636.6328
1758809803|hashRate|912789703106
1758809803|latestHash|00000000000000000001e99d4134b3e9b9eb78370ae5f3034df865d612431a4b
1758809851|blockInterval|636.6328
1758809851|hashRate|912789703106
1758809851|latestHash|00000000000000000001e99d4134b3e9b9eb78370ae5f3034df865d612431a4b
1758809898|blockInterval|636.6328
1758809898|hashRate|912789703106
1758809898|latestHash|00000000000000000001e99d4134b3e9b9eb78370ae5f3034df865d612431a4b
1758809945|blockInterval|631.1417
1758809945|hashRate|905713813935
1758809945|latestHash|00000000000000000001e99d4134b3e9b9eb78370ae5f3034df865d612431a4b
1758809991|blockInterval|631.1417
1758809991|hashRate|905713813935
1758809991|latestHash|00000000000000000001e99d4134b3e9b9eb78370ae5f3034df865d612431a4b
1758810038|blockInterval|631.1417
1758810038|hashRate|905713813935
1758810038|latestHash|00000000000000000001e99d4134b3e9b9eb78370ae5f3034df865d612431a4b
1758810086|blockInterval|631.1417
1758810086|hashRate|905713813935
1758810086|latestHash|00000000000000000001e99d4134b3e9b9eb78370ae5f3034df865d612431a4b
1758810133|blockInterval|631.1417
1758810133|hashRate|905713813935
1758810133|latestHash|00000000000000000001e99d4134b3e9b9eb78370ae5f3034df865d612431a4b
1758810180|blockInterval|631.1417
1758810180|hashRate|905713813935
1758810180|latestHash|00000000000000000001e99d4134b3e9b9eb78370ae5f3034df865d612431a4b
1758810227|blockInterval|631.1417
1758810227|hashRate|905713813935
1758810227|latestHash|00000000000000000001e99d4134b3e9b9eb78370ae5f3034df865d612431a4b
1758810273|blockInterval|631.1417
1758810273|hashRate|905713813935
1758810273|latestHash|00000000000000000001e99d4134b3e9b9eb78370ae5f3034df865d612431a4b
1758810320|blockInterval|631.1417
1758810320|hashRate|905713813935
1758810320|latestHash|00000000000000000001e99d4134b3e9b9eb78370ae5f3034df865d612431a4b
1758810367|blockInterval|631.1417
1758810367|hashRate|905713813935
1758810367|latestHash|00000000000000000001e99d4134b3e9b9eb78370ae5f3034df865d612431a4b
1758810414|blockInterval|631.1417
1758810414|hashRate|905713813935
1758810414|latestHash|00000000000000000001e99d4134b3e9b9eb78370ae5f3034df865d612431a4b
1758810461|blockInterval|631.1417
1758810461|hashRate|905713813935
1758810461|latestHash|00000000000000000001351fa9910b09330c73b899cc7e1297e78ebd400c3257
1758810508|blockInterval|631.1417
1758810508|hashRate|905713813935
1758810508|latestHash|00000000000000000001351fa9910b09330c73b899cc7e1297e78ebd400c3257
1758810555|blockInterval|631.1417
1758810555|hashRate|905713813935
1758810555|latestHash|00000000000000000001351fa9910b09330c73b899cc7e1297e78ebd400c3257
1758810602|blockInterval|631.1417
1758810602|hashRate|905713813935
1758810602|latestHash|00000000000000000001e8220854fd78c6080652588db9ef970b2e138bc76256
1758810649|blockInterval|631.1417
1758810649|hashRate|905713813935
1758810649|latestHash|00000000000000000001ae252ce5960b8d3b37aecd25ca568ed927a2d32d940a
1758810696|blockInterval|631.1417
1758810696|hashRate|905713813935
1758810696|latestHash|00000000000000000001ae252ce5960b8d3b37aecd25ca568ed927a2d32d940a
1758810743|blockInterval|631.1417
1758810743|hashRate|905713813935
1758810743|latestHash|00000000000000000001ae252ce5960b8d3b37aecd25ca568ed927a2d32d940a
1758810789|blockInterval|631.1417
1758810789|hashRate|905713813935
1758810789|latestHash|00000000000000000001162ded12582c558ce0df81c9e8c7eee74954dc92843a
1758810836|blockInterval|631.1417
1758810836|hashRate|905713813935
1758810836|latestHash|00000000000000000001162ded12582c558ce0df81c9e8c7eee74954dc92843a
1758810883|blockInterval|631.1417
1758810883|hashRate|905713813935
1758810883|latestHash|00000000000000000001162ded12582c558ce0df81c9e8c7eee74954dc92843a
1758810930|blockInterval|631.1417
1758810930|hashRate|905713813935
1758810930|latestHash|00000000000000000001162ded12582c558ce0df81c9e8c7eee74954dc92843a
1758810971|blockInterval|631.1417
1758810971|hashRate|905713813935
1758810971|latestHash|00000000000000000001162ded12582c558ce0df81c9e8c7eee74954dc92843a
1758811018|blockInterval|631.1417
1758811018|hashRate|905713813935
1758811018|latestHash|00000000000000000001162ded12582c558ce0df81c9e8c7eee74954dc92843a
1758811064|blockInterval|631.1417
1758811064|hashRate|905713813935
1758811064|latestHash|00000000000000000001162ded12582c558ce0df81c9e8c7eee74954dc92843a
1758811111|blockInterval|631.1417
1758811111|hashRate|905713813935
1758811206|blockInterval|631.1417
1758811206|hashRate|905713813935
1758811206|latestHash|0000000000000000000056d7165a148c5ae82350920328b66e0c532968cebb2d
1758811253|blockInterval|632.1667
1758811253|hashRate|905713813935
1758811253|latestHash|0000000000000000000056d7165a148c5ae82350920328b66e0c532968cebb2d
1758811299|blockInterval|632.1667
1758811299|hashRate|898637924764
1758811299|latestHash|0000000000000000000056d7165a148c5ae82350920328b66e0c532968cebb2d
1758811346|blockInterval|632.1667
1758811346|hashRate|898637924764
1758811346|latestHash|0000000000000000000056d7165a148c5ae82350920328b66e0c532968cebb2d
1758811393|blockInterval|632.1667
1758811393|hashRate|898637924764
1758811393|latestHash|0000000000000000000056d7165a148c5ae82350920328b66e0c532968cebb2d
1758811410|blockInterval|632.1667
1758811410|hashRate|898637924764
1758811475|blockInterval|632.1667
1758811475|hashRate|898637924764
1758811475|latestHash|00000000000000000000dcace6adccbbefb14b0a54ab45687f47a325388910bc
1758811522|blockInterval|632.1667
1758811522|hashRate|898637924764
1758811522|latestHash|00000000000000000000dcace6adccbbefb14b0a54ab45687f47a325388910bc
1758811569|blockInterval|632.1667
1758811569|hashRate|898637924764
1758811569|latestHash|00000000000000000000dcace6adccbbefb14b0a54ab45687f47a325388910bc
1758811616|blockInterval|632.1667
1758811616|hashRate|898637924764
1758811616|latestHash|00000000000000000000dcace6adccbbefb14b0a54ab45687f47a325388910bc
1758811663|blockInterval|632.1667
1758811663|hashRate|898637924764
1758811663|latestHash|00000000000000000000dcace6adccbbefb14b0a54ab45687f47a325388910bc
1758811710|blockInterval|632.1667
1758811710|hashRate|898637924764
1758811710|latestHash|00000000000000000000dcace6adccbbefb14b0a54ab45687f47a325388910bc
1758811757|blockInterval|636.544
1758811757|hashRate|898637924764
1758811757|latestHash|00000000000000000000dcace6adccbbefb14b0a54ab45687f47a325388910bc
1758811804|blockInterval|636.544
1758811811|blockInterval|636.544
1758811811|latestHash|00000000000000000000dcace6adccbbefb14b0a54ab45687f47a325388910bc
1758811852|blockInterval|626.9194
1758812026|latestHash|00000000000000000000bc44d550574f3a3a935be475a1d99a1b24725b797147
1758812057|latestHash|00000000000000000000bc44d550574f3a3a935be475a1d99a1b24725b797147
1758812075|latestHash|00000000000000000000bc44d550574f3a3a935be475a1d99a1b24725b797147
1758813951|latestHash|00000000000000000000a5a4a32e35f74945a02da19284c97db02bb630d2a478
1758814612|latestHash|00000000000000000001836fc8efade07b2e978763eeb32f7b190b68c51b3e6c
1758817839|latestHash|0000000000000000000142377bf22331e3dae6dd586973762fdd878d60651e60
1758818032|latestHash|00000000000000000001da6d0b732c1bfa7d1fc6ac78af4c2bfe5ec0ccd57007
1758818495|latestHash|000000000000000000006403e72ae6e3c202c515972f0548df4a29cc7b2bb88a
1758818847|latestHash|00000000000000000001c7469f87401fb2377cc670515cfc46c0009712136acb
1758819637|latestHash|00000000000000000001f9c039ab8ab87e4367e71199a2b8a035af7da964bd30
1758819997|latestHash|00000000000000000000b5d4537f40a62d01487724c961d3eb45d5378d847020
1758820713|latestHash|000000000000000000013fe5592e61c6fe7e17d431eb2dd263ff76a2084091cc
1758821032|latestHash|00000000000000000000ef440207ed696902ae270fdcbfa60f4470c6d0fc3f7d
1758822204|latestHash|000000000000000000015e89b0c8e3840a96ec8fd50aadf939c6c2bd02bf4331
1758822471|latestHash|0000000000000000000084ad12b3480c62814a3dca0c8412d1247cd2f3dc6e43
1758823032|latestHash|000000000000000000018c85c1870e0f1eed746b3fd2fa9427dd9e2794ea2064
1758824146|latestHash|00000000000000000000691106b77218728c0f4d22c289ff61f7d57e30613e20
1758826280|latestHash|00000000000000000000c2670e792665f212312fa6077e06f2fdc3bd6f90d8fb
1758827386|latestHash|000000000000000000013a7550fa562c1f0a9274b822204688babb9949f1f3c6
1758827898|latestHash|000000000000000000000ea89c1df3ac9c0003c22eb8ad21710dae36d5739452
1758828835|latestHash|000000000000000000012aa28e3a0f6ff48951095bca786ca77678a1e9d03925
1758828986|latestHash|00000000000000000001b84590e4b8fd30f407a82a7c6b923ab7b22ea50b6931
1758830135|latestHash|00000000000000000001825e03cbf1e6e3b8c75913f26492af256f4bc6967478
1758831115|latestHash|00000000000000000000859f06ffaa14d3ea47061202c4b544fe1b1872f277e0
1758831278|latestHash|00000000000000000001ef7fdcf0b3f26976c434322b096d760371c18cbdd41b
1758831492|latestHash|00000000000000000001e0e500356b6aa62e2dd0ab553ce981443d2a1fa164a7
1758831580|latestHash|00000000000000000000ffd7b0de33034b9740f92f11b4feebc7bbd3c9b22edb
1758831667|latestHash|0000000000000000000138da0d369e107db19e9a6ebe3d80a61abdd1819ef04f
1758831690|latestHash|00000000000000000001c34ff734b160c613a3442dfc9115fbf5d9010c80902a
1758832086|latestHash|00000000000000000000c297a4db92356db5e05bbddc0dbc2cf76d99ea3be0eb
1758833023|latestHash|00000000000000000001d5e593731b699956d9da5af3019aa00d310ef22d1378
1758833099|latestHash|0000000000000000000151dea118c0f38543d9defc3e1004abfb2017e936ff50
1758833526|latestHash|00000000000000000001d9ae858f3feeddc0028f7b90f990b04debd7eb538909
1758834208|latestHash|00000000000000000001ddace1dd9650f18186febe415cbc0d4f080c62bf7cc7
1758834626|latestHash|00000000000000000001d6431116e0ad9c87cdbd7cca27a42c12822a834670c7
1758834660|latestHash|00000000000000000000329fff80605dfe3e64137d7abc9a0c4b2166e241ade2
1758834938|latestHash|00000000000000000001a63d3aa1053aab0f18c2d2357f28c0efcb80534b3b93
1758835130|latestHash|00000000000000000000ad14d6475c06d9fc09c7cce9aa98e4b7002a189a0d56
1758835196|latestHash|000000000000000000015daaafa51935db2b6f052ab7ed7f781b54d45238730d
1758835327|latestHash|00000000000000000000979ef116c9a37db5d8e4a17714018fbe6411016fcf18
1758837145|latestHash|000000000000000000016d19571e5e8ca5f39e911327a5c9b53436cd44af1de8
1758837866|latestHash|0000000000000000000164e712ef22e1592a263319147963257989a4fd351031
1758840809|latestHash|000000000000000000019ffce0c0fca32e6b8925f465b3ffa6d5070aa0070897
1758841022|latestHash|000000000000000000005ad9039d1c42aa92bf072508daadd2a490ed6ed8e202
1758841437|latestHash|000000000000000000005514faadf54287320b2081c5f98abe763a8bdfd7d905
1758841482|latestHash|00000000000000000000cd283414ababca50d7b194fae77111e4bb65a7aa9f71
1758841780|latestHash|0000000000000000000164b37a206d3d228f3eecdabe89c5eac4a1b7da3b2509
1758842991|latestHash|00000000000000000000169cad241f0fd0b16a039905d0c53ba2bf3f288037e0
1758843407|latestHash|00000000000000000001d95cf11d52fec9a6fba51ade16d80d347041063a14d1
1758843568|latestHash|0000000000000000000091ac7c4a153e38597d3e2f03c975f88463d857bac873
1758843623|latestHash|00000000000000000001082cf2a4225da4caf1c72423e98f1ba08bc709ebb95a
1758843837|latestHash|00000000000000000001e5a6e916e644f43da9aa35b7edf495442fe52574d008
1758845956|latestHash|00000000000000000001c64aa07a42d823cda431ff8c6e3202be81a5c186e7d2
1758846677|latestHash|0000000000000000000099b0622aba96d1cabaa0b312bc1bb3a0da5aa4c1e3f6
1758847926|latestHash|00000000000000000001b41690c6c12a2599aa68deafd6d6fd603efc57dad23d
1758848053|latestHash|000000000000000000004ab05e4e57675dbd3d72cd03e3a8d7c44f8184d160c8
1758848383|latestHash|000000000000000000017e4b12af9c629782e38cbaba103b4645d20db3b6a495
1758848572|latestHash|00000000000000000001750e251a78be9918117f5a58f8503bfa672de99cc571
1758849369|latestHash|000000000000000000012a893ee5688b7dfe3807c65a67109fc42410ca05a253
1758849486|latestHash|00000000000000000001970feb6cc2b24be6ca4911eb755ac282fde38dbd7db2
1758850316|latestHash|0000000000000000000099af4c696f2050113b1de03d8b57b232a77549455f56
1758850503|latestHash|00000000000000000001959ef537957a32e3cd17e3793153dc7256d84ec63cc0
1758850936|latestHash|00000000000000000000afe04e408b722c988df4d4d5be8cbf0bfa0c5f80a082
1758851734|latestHash|0000000000000000000102c8d90efa8a01f2c9ac1a471ccc488d6fd4e682b4c0
1758851919|latestHash|0000000000000000000040f603e65b4caf10543162dac5a501d05d1936b7ae6b
1758852519|latestHash|00000000000000000000b288b62068d09fc5723fad84ab0403c3883c1446d1f5
1758853135|latestHash|0000000000000000000013142c73989ec9d1ae37479170f3fb6e8b9f8224ffc6
1758853507|latestHash|0000000000000000000091e72ca5e1d665b1d30bba405c855f100f9e90025f4f
1758853878|latestHash|00000000000000000000499358d1cdbef454095c89271f32c9a07a65a2da0d60
1758853940|latestHash|00000000000000000001593cb3f5c2cbfadd66bd4a3e223261df880a048b7247
1758854464|latestHash|0000000000000000000189ef11ca32245f73960f75213f269c0da3ba2398b991
1758854588|latestHash|0000000000000000000120b2c13117707d3989aee846389ec7d5783da0a28b3f
1758855233|latestHash|00000000000000000001cfb5db3448cc2cdcd3b58a2695541def3bfb17af36a9
1758857053|latestHash|0000000000000000000057695b76351229a28e557d78397a198cb2b1a0ebaa43
1758857116|latestHash|0000000000000000000188a61232ef33e2486a561f5681e4461c25e8ed3c13bd
1758857425|latestHash|00000000000000000001f478cfce246cc43e6f08d6b88c4598db73b70c023fdd
1758857641|latestHash|0000000000000000000175a43046a2561d06babfe029c2fc52208ea787a8cdb3
1758859510|latestHash|00000000000000000001b90247b0a679c40c5e52986851de3978963a903acaae
1758859573|latestHash|00000000000000000000e1447c3309077a818d4b97cccbb3f2a12151906dc5c6
1758860403|latestHash|000000000000000000009e0c7af40c99ae3accc4617e4f6add823aa9b8464087
1758860588|latestHash|000000000000000000005ca25eabe7a1a346245feabb9c5fe516533fde93394e
1758861356|latestHash|00000000000000000000af82fc7880227670c752f1a8db7e35aa1ec3174a9606
1758926913|latestHash|0000000000000000000181fe6651488924ce27f54e808ae25d5bbdaf91c57412
1758927405|latestHash|00000000000000000000b1e07e27e66a0711ad3c33daca8259b581bcd972d854
1758928630|latestHash|000000000000000000018520196b665a623b4dfcc3e6d2edd402e11eb709d553
1758929307|latestHash|00000000000000000001e402aea37a642b2b9a3af0ecd6acc2e1214586adebad
1758931328|latestHash|00000000000000000001d0f9a5e7fe5136344b2a566f855242558677e6837898
1758931637|latestHash|00000000000000000001d2bd8f17862797e8775189bb5c4c1246e4465577f252
1758932251|latestHash|000000000000000000002c10f7a56aeb9a747df93fb0e8c2f8552fc38fded779
1758933017|latestHash|0000000000000000000144fe7c7efd43459a6e2bf507e8fc75d56982fd3e4d08
1758934364|latestHash|000000000000000000003345135bbcc9bffdfb62aacb42259eed626eb1aa15d8
1758935316|latestHash|00000000000000000001b6805fcefe024b80faf1118eb85dd85ac3c32eea851b
1758935471|latestHash|000000000000000000015668857752a40d31903582130213a8f31df03c0a3078
1758935901|latestHash|000000000000000000017d559335f44df8e77717bb0f5051be5605d9d942c23e
1758936027|latestHash|00000000000000000001890675c8bc762d7f90d238df2ac5d48cbdf229920732
1758936426|latestHash|00000000000000000000b70c0751c1ffc9b4a1dce8847d389f895547b8d60745
1758937009|latestHash|0000000000000000000064986faf8a5b997c8d7c74c632c2c2ab94ee8bd92c9a
1758937042|latestHash|00000000000000000000675624458864dfc3eb00d720e5bd44ca42ffce217617
1758937272|latestHash|000000000000000000012d5d295cfd4508dc26a22578eac890c30b1f8bd7ae63
1758937337|latestHash|00000000000000000000ac195e2b9ffed67405a1ca064573a0d90566dad0a6a8
1758938991|latestHash|00000000000000000000daf99a7e8e279a40374fd58adbd574d8a068d0c3faa7
1758939239|latestHash|000000000000000000009fca61b0f572e59469f9130e9b67bd730694302cf930
1758939302|latestHash|0000000000000000000055d7bcdb28e877b9197ba7c02d336380277820246897
1758940466|latestHash|00000000000000000000bed3c9c86102749e13c9cd32638a5901246b73674f9a
1758940866|latestHash|0000000000000000000043f0bb7037776fef57ffdec703367c805d38526f22fb
1758941205|latestHash|00000000000000000000e77f487cf855b8823e532573cc9b28a6aee42208a7ba
1758941330|latestHash|0000000000000000000019b10a8c66adb379f81dd0ad4fc5a0fec7db32826830
1758941853|latestHash|000000000000000000009dc67e9e39a823f3c8c2adab5b2f7a8aa4a0cb707dbf
1758941885|latestHash|000000000000000000014e2e1d666ebfdf2046be714c9da3875863f941a7c967
1758942343|latestHash|000000000000000000011d639c702745e4d3299d19a2cae84ef3a4542a70f4ec
1759315041|latestHash|0000000000000000000101249d9b27bc6156b27f80c1d7cc68052ad3fe2afff6
1759315074|latestHash|0000000000000000000120fd58ed2a16c4b20d5f2c21a1f7e6f29049a426f0ee
1759315258|latestHash|0000000000000000000166f9c9aa6e07a5ff61282ab4a59bf25b346b064d5856
